"","Year","Plot","TreatmentSR","ObservedSR","live.mass"
"1",1998,100,1,1,298.7
"2",1998,102,1,1,19.6
"3",1998,104,16,9,233
"4",1998,105,4,3,105.8
"5",1998,106,9,5,236.4
"6",1998,107,16,9,246.6
"7",1998,109,1,1,392.4
"8",1998,111,1,1,335.1
"9",1998,115,1,1,100.3
"10",1998,116,1,1,68
"11",1998,119,9,8,415.9
"12",1998,120,4,3,265.6
"13",1998,121,4,3,225.5
"14",1998,122,1,1,258.6
"15",1998,184,16,12,251
"16",1998,187,9,7,186.5
"17",1998,188,16,12,275.6
"18",1998,189,4,3,159.7
"19",1998,190,1,1,215.7
"20",1998,191,4,3,248.9
"21",1998,192,1,1,1.8
"22",1998,198,4,4,178.3
"23",1998,199,1,1,481.7
"24",1998,200,4,3,144.4
"25",1998,201,16,13,277.6
"26",1998,202,1,1,200
"27",1998,209,1,1,36.3
"28",1998,211,4,3,249.6
"29",1998,216,4,3,272.3
"30",1998,220,4,4,432.6
"31",1998,221,4,2,193.5
"32",1998,222,16,9,406.5
"33",1998,223,1,1,258.2
"34",1998,226,9,7,355.8
"35",1998,227,1,1,301.9
"36",1998,228,1,1,168.7
"37",1998,229,1,1,22.9
"38",1998,230,9,6,283.3
"39",1998,231,1,1,156
"40",1998,233,9,5,533.1
"41",1998,235,1,1,380.4
"42",1998,239,4,4,273.5
"43",1998,242,4,3,348.9
"44",1998,243,9,7,436.6
"45",1998,244,4,4,312.8
"46",1998,306,16,11,532.6
"47",1998,308,9,8,356.3
"48",1998,309,4,3,615
"49",1998,312,9,6,486.6
"50",1998,313,4,1,367.5
"51",1998,314,1,1,478.7
"52",1998,315,4,4,349.6
"53",1998,320,9,8,324.1
"54",1998,322,1,1,43.4
"55",1998,323,1,1,357.8
"56",1998,325,4,4,463
"57",1998,329,1,1,7.9
"58",1998,330,1,1,8.3
"59",1998,331,1,1,305.5
"60",1998,332,4,4,481
"61",1998,334,4,4,526.9
"62",1998,336,1,1,449.8
"63",1998,337,4,4,44.2
"64",1998,339,1,1,518.2
"65",1998,343,1,1,217.6
"66",1998,344,16,11,409.4
"67",1998,345,1,1,125.9
"68",1998,346,4,4,272.5
"69",1998,347,1,1,7.9
"70",1998,355,16,13,402.7
"71",1998,356,9,8,283.75
"72",1998,358,16,12,279
"73",1998,359,4,4,326.2
"74",1998,361,9,8,328.4
"75",1998,363,4,2,341.3
"76",1998,364,4,4,280.4
"77",1998,62,4,1,316.9
"78",1998,63,4,3,237.4
"79",1998,67,16,10,226.5
"80",1998,69,16,10,307.9
"81",1998,70,1,1,229.9
"82",1998,77,1,1,82.3
"83",1998,78,4,3,518
"84",1998,80,4,4,339.9
"85",1998,82,4,2,161.7
"86",1998,83,9,6,383.4
"87",1998,87,9,5,214.2
"88",1998,89,4,2,315.2
"89",1998,90,1,1,220.7
"90",1998,92,9,4,207.5
"91",1998,93,4,2,290.2
"92",1999,100,1,1,65.9
"93",1999,102,1,1,283.2
"94",1999,104,16,13,242.29
"95",1999,105,4,3,146.6
"96",1999,106,9,6,145.4
"97",1999,107,16,11,236.46
"98",1999,109,1,1,319.6
"99",1999,111,1,1,251.1
"100",1999,115,1,1,144.3
"101",1999,116,1,1,89.6
"102",1999,119,9,7,311.2
"103",1999,120,4,3,178.6
"104",1999,121,4,4,178.7
"105",1999,122,1,1,145.5
"106",1999,184,16,14,160.4
"107",1999,187,9,8,173.9
"108",1999,188,16,13,264.63
"109",1999,189,4,3,163.9
"110",1999,190,1,1,90.4
"111",1999,191,4,4,93.21
"112",1999,192,1,1,17
"113",1999,198,4,4,147
"114",1999,199,1,1,188.9
"115",1999,200,4,2,137.3
"116",1999,201,16,12,182.73
"117",1999,202,1,1,172.3
"118",1999,209,1,1,398
"119",1999,211,4,3,219.5
"120",1999,216,4,4,263.2
"121",1999,220,4,4,304.1
"122",1999,221,4,4,164.8
"123",1999,222,16,12,223.34
"124",1999,223,1,1,178.6
"125",1999,226,9,8,245.7
"126",1999,227,1,1,237.3
"127",1999,228,1,1,119
"128",1999,229,1,1,45.6
"129",1999,230,9,6,130.6
"130",1999,231,1,1,115.8
"131",1999,233,9,5,320.9
"132",1999,235,1,1,135.7
"133",1999,239,4,4,284.4
"134",1999,242,4,3,111.8
"135",1999,243,9,6,203.1
"136",1999,244,4,4,197.9
"137",1999,306,16,11,193.6
"138",1999,308,9,7,189.4
"139",1999,309,4,3,240.9
"140",1999,312,9,8,143.61
"141",1999,313,4,3,117.78
"142",1999,314,1,1,375.2
"143",1999,315,4,4,166.4
"144",1999,320,9,8,153.4
"145",1999,322,1,1,55.3
"146",1999,323,1,1,199.9
"147",1999,325,4,4,176.2
"148",1999,329,1,1,2
"149",1999,330,1,1,92.9
"150",1999,331,1,1,218.1
"151",1999,332,4,4,135
"152",1999,334,4,3,209
"153",1999,336,1,1,158.9
"154",1999,337,4,4,173.3
"155",1999,339,1,1,196.6
"156",1999,343,1,1,253.2
"157",1999,344,16,12,223
"158",1999,345,1,1,245.3
"159",1999,346,4,4,259.7
"160",1999,347,1,1,18.3
"161",1999,355,16,12,271.77
"162",1999,356,9,8,167.24
"163",1999,358,16,10,135.62
"164",1999,359,4,3,191.75
"165",1999,361,9,8,170.62
"166",1999,363,4,3,36.23
"167",1999,364,4,4,146.9
"168",1999,62,4,3,151.5
"169",1999,63,4,4,135.2
"170",1999,67,16,10,186
"171",1999,69,16,9,198
"172",1999,70,1,1,228
"173",1999,77,1,1,47.6
"174",1999,78,4,3,269.7
"175",1999,80,4,4,233.9
"176",1999,82,4,4,123.8
"177",1999,83,9,5,183
"178",1999,87,9,5,176.6
"179",1999,89,4,3,92.3
"180",1999,90,1,1,244.6
"181",1999,92,9,5,265.56
"182",1999,93,4,3,53.6
"183",2000,100,1,1,232.6
"184",2000,102,1,1,473
"185",2000,104,16,9,221.2
"186",2000,105,4,4,75.66
"187",2000,106,9,7,156.2
"188",2000,107,16,9,166.8
"189",2000,109,1,1,185.8
"190",2000,111,1,1,175.5
"191",2000,115,1,1,102.6
"192",2000,116,1,1,188.5
"193",2000,119,9,7,166.83
"194",2000,120,4,4,85.41
"195",2000,121,4,4,108.7
"196",2000,122,1,1,97.9
"197",2000,184,16,13,352.56
"198",2000,187,9,8,89.1
"199",2000,188,16,11,338.4
"200",2000,189,4,3,460.9
"201",2000,190,1,1,310.1
"202",2000,191,4,3,104.5
"203",2000,192,1,1,5.9
"204",2000,198,4,4,185.2
"205",2000,199,1,1,263.8
"206",2000,200,4,1,206.3
"207",2000,201,16,12,188.8
"208",2000,202,1,1,106.5
"209",2000,209,1,1,234.1
"210",2000,211,4,3,175.7
"211",2000,216,4,4,350
"212",2000,220,4,2,631
"213",2000,221,4,4,93.3
"214",2000,222,16,11,259.3
"215",2000,223,1,1,70.8
"216",2000,226,9,7,172.23
"217",2000,227,1,1,65.2
"218",2000,228,1,1,68.3
"219",2000,229,1,1,35.1
"220",2000,230,9,6,61
"221",2000,231,1,1,76.2
"222",2000,233,9,6,199.89
"223",2000,235,1,1,211.7
"224",2000,239,4,4,1398.7
"225",2000,242,4,4,326.46
"226",2000,243,9,7,208.2
"227",2000,244,4,4,47.2
"228",2000,306,16,13,715.19
"229",2000,308,9,6,299.38
"230",2000,309,4,2,170.7
"231",2000,312,9,5,419.7
"232",2000,313,4,1,71.5
"233",2000,314,1,1,675
"234",2000,315,4,3,117.1
"235",2000,320,9,7,145.1
"236",2000,322,1,1,77.5
"237",2000,323,1,1,73.1
"238",2000,325,4,4,156.7
"239",2000,329,1,1,58.9
"240",2000,330,1,1,251.8
"241",2000,331,1,1,174.5
"242",2000,332,4,3,196.7
"243",2000,334,4,3,293
"244",2000,336,1,1,58.7
"245",2000,337,4,4,653
"246",2000,339,1,1,212
"247",2000,343,1,1,229.6
"248",2000,344,16,8,310.66
"249",2000,345,1,1,290.6
"250",2000,346,4,4,43.85
"251",2000,347,1,1,105.1
"252",2000,355,16,11,338.42
"253",2000,356,9,8,195.15
"254",2000,358,16,9,106.66
"255",2000,359,4,3,79.6
"256",2000,361,9,8,95.1
"257",2000,363,4,3,456.3
"258",2000,364,4,4,52.9
"259",2000,62,4,2,138.2
"260",2000,63,4,4,75.8
"261",2000,67,16,10,221.91
"262",2000,69,16,11,188.93
"263",2000,70,1,1,282.7
"264",2000,77,1,1,46.6
"265",2000,78,4,2,258.8
"266",2000,80,4,4,108.6
"267",2000,82,4,3,75.9
"268",2000,83,9,5,209.2
"269",2000,87,9,6,338.1
"270",2000,89,4,2,105.52
"271",2000,90,1,1,224.9
"272",2000,92,9,4,169
"273",2000,93,4,3,512.5
"274",2001,100,1,1,226.09
"275",2001,102,1,1,608.43
"276",2001,104,16,11,470.4
"277",2001,105,4,3,68.9
"278",2001,106,9,7,401.2
"279",2001,107,16,11,336.7
"280",2001,109,1,1,137.14
"281",2001,111,1,1,122.69
"282",2001,115,1,1,46.62
"283",2001,116,1,1,127.94
"284",2001,119,9,8,513.7
"285",2001,120,4,3,148.9
"286",2001,121,4,4,98.8
"287",2001,122,1,1,192.46
"288",2001,184,16,13,538
"289",2001,187,9,8,139.2
"290",2001,188,16,12,497.68
"291",2001,189,4,3,445.5
"292",2001,190,1,1,232.4
"293",2001,191,4,4,188
"294",2001,192,1,1,8.74
"295",2001,198,4,4,145
"296",2001,199,1,1,308.47
"297",2001,200,4,3,106.3
"298",2001,201,16,11,392.11
"299",2001,202,1,1,134.22
"300",2001,209,1,1,367.43
"301",2001,211,4,3,109.2
"302",2001,216,4,3,505.7
"303",2001,220,4,4,312.74
"304",2001,221,4,4,102.1
"305",2001,222,16,11,500.2
"306",2001,223,1,1,40.12
"307",2001,226,9,8,246.2
"308",2001,227,1,1,120.99
"309",2001,228,1,1,133.29
"310",2001,229,1,1,58.15
"311",2001,230,9,6,379.9
"312",2001,231,1,1,127.37
"313",2001,233,9,8,331.2
"314",2001,235,1,1,228.36
"315",2001,239,4,4,422.9
"316",2001,242,4,3,245.1
"317",2001,243,9,7,258.2
"318",2001,244,4,4,164.8
"319",2001,306,16,12,374.5
"320",2001,308,9,7,388.4
"321",2001,309,4,3,107.7
"322",2001,312,9,7,409.8
"323",2001,313,4,3,52.4
"324",2001,314,1,1,205.94
"325",2001,315,4,4,106.4
"326",2001,320,9,7,356.4
"327",2001,322,1,1,314.94
"328",2001,323,1,1,155.16
"329",2001,325,4,4,81.7
"330",2001,329,1,1,39.35
"331",2001,330,1,1,64.61
"332",2001,331,1,1,153.87
"333",2001,332,4,3,386.1
"334",2001,334,4,3,371.9
"335",2001,336,1,1,136.65
"336",2001,337,4,3,275.7
"337",2001,339,1,1,201.68
"338",2001,343,1,1,150.24
"339",2001,344,16,11,256
"340",2001,345,1,1,150.4
"341",2001,346,4,3,105.8
"342",2001,355,16,11,275.7
"343",2001,356,9,8,208.6
"344",2001,358,16,10,824.95
"345",2001,359,4,3,123.9
"346",2001,361,9,7,125.9
"347",2001,363,4,2,401.6
"348",2001,364,4,4,68.2
"349",2001,62,4,3,195.1
"350",2001,63,4,4,131
"351",2001,67,16,9,376.1
"352",2001,69,16,9,434.8
"353",2001,70,1,1,177.17
"354",2001,77,1,1,107.64
"355",2001,78,4,2,437.1
"356",2001,80,4,4,134.3
"357",2001,82,4,3,59.3
"358",2001,83,9,5,186.2
"359",2001,87,9,7,434
"360",2001,89,4,3,142
"361",2001,90,1,1,291.26
"362",2001,92,9,5,176.97
"363",2001,93,4,3,148.3
"364",2002,100,1,1,200.3
"365",2002,102,1,1,666.4
"366",2002,104,16,8,498.3
"367",2002,105,4,2,106.2
"368",2002,106,9,6,276.7
"369",2002,107,16,12,385.6
"370",2002,109,1,1,119.2
"371",2002,111,1,1,111.2
"372",2002,115,1,1,74.7
"373",2002,116,1,1,465.4
"374",2002,119,9,9,459.6
"375",2002,120,4,4,120.7
"376",2002,121,4,4,172.3
"377",2002,122,1,1,180
"378",2002,184,16,11,657.71
"379",2002,187,9,8,199.88
"380",2002,188,16,12,281.5
"381",2002,189,4,3,284.8
"382",2002,190,1,1,236.1
"383",2002,191,4,3,68.6
"384",2002,192,1,1,39.4
"385",2002,198,4,4,254.6
"386",2002,199,1,1,209.4
"387",2002,200,4,3,102.4
"388",2002,201,16,13,699.44
"389",2002,202,1,1,114.9
"390",2002,209,1,1,232.5
"391",2002,211,4,3,131.3
"392",2002,216,4,4,272.11
"393",2002,220,4,2,235.1
"394",2002,221,4,4,67.3
"395",2002,222,16,11,201.5
"396",2002,223,1,1,67.4
"397",2002,226,9,8,175
"398",2002,227,1,1,109.9
"399",2002,228,1,1,109.2
"400",2002,229,1,1,161.2
"401",2002,230,9,7,1066
"402",2002,231,1,1,122.3
"403",2002,233,9,7,265.66
"404",2002,235,1,1,110.5
"405",2002,239,4,3,661.2
"406",2002,242,4,2,194.2
"407",2002,243,9,5,304
"408",2002,244,4,3,90.5
"409",2002,306,16,11,355.6
"410",2002,308,9,5,245.5
"411",2002,309,4,4,131.4
"412",2002,312,9,7,395.4
"413",2002,313,4,3,62.5
"414",2002,314,1,1,435.4
"415",2002,315,4,2,132.2
"416",2002,320,9,9,292.25
"417",2002,322,1,1,266.1
"418",2002,323,1,1,177.2
"419",2002,325,4,4,433.2
"420",2002,329,1,1,166.8
"421",2002,330,1,1,188.8
"422",2002,331,1,1,378.8
"423",2002,332,4,3,487
"424",2002,334,4,3,556.8
"425",2002,336,1,1,281.2
"426",2002,337,4,4,659.3
"427",2002,339,1,1,168.6
"428",2002,343,1,1,230.5
"429",2002,344,16,13,372.7
"430",2002,345,1,1,186.8
"431",2002,346,4,4,156.7
"432",2002,347,1,1,95.4
"433",2002,355,16,12,427.7
"434",2002,356,9,8,1076.99
"435",2002,358,16,11,189.2
"436",2002,359,4,4,221.33
"437",2002,361,9,7,130.3
"438",2002,363,4,3,368.7
"439",2002,364,4,4,145.3
"440",2002,62,4,3,459.1
"441",2002,63,4,3,138.9
"442",2002,67,16,9,382.7
"443",2002,69,16,11,200.6
"444",2002,70,1,1,152.9
"445",2002,77,1,1,146.5
"446",2002,78,4,2,172.1
"447",2002,80,4,4,153.3
"448",2002,82,4,4,186
"449",2002,83,9,6,265.4
"450",2002,87,9,6,573.8
"451",2002,89,4,3,67.3
"452",2002,90,1,1,138.2
"453",2002,92,9,4,110.5
"454",2002,93,4,3,402.5
"455",2003,100,1,1,281.1
"456",2003,102,1,1,246.5
"457",2003,104,16,12,703
"458",2003,105,4,3,65.8
"459",2003,106,9,8,376.4
"460",2003,107,16,12,457.8
"461",2003,109,1,1,130.4
"462",2003,111,1,1,97.5
"463",2003,115,1,1,77.4
"464",2003,116,1,1,304.6
"465",2003,119,9,8,625.1
"466",2003,120,4,4,211.8
"467",2003,121,4,4,140.56
"468",2003,122,1,1,124.8
"469",2003,184,16,12,410.6
"470",2003,187,9,6,461.5
"471",2003,188,16,11,354.2
"472",2003,189,4,3,347.2
"473",2003,190,1,1,130.8
"474",2003,191,4,4,513.1
"475",2003,192,1,1,66.5
"476",2003,198,4,4,137.4
"477",2003,199,1,1,430.4
"478",2003,200,4,2,505.4
"479",2003,201,16,11,247.23
"480",2003,202,1,1,94.2
"481",2003,209,1,1,544.8
"482",2003,211,4,3,131.2
"483",2003,216,4,3,275.6
"484",2003,220,4,4,301.9
"485",2003,221,4,4,131.7
"486",2003,222,16,11,432.4
"487",2003,223,1,1,53.1
"488",2003,226,9,7,610.8
"489",2003,227,1,1,78
"490",2003,228,1,1,94.7
"491",2003,229,1,1,51.3
"492",2003,230,9,7,512.1
"493",2003,231,1,1,216.6
"494",2003,233,9,7,227.9
"495",2003,235,1,1,238.1
"496",2003,239,4,3,221.1
"497",2003,242,4,3,292.4
"498",2003,243,9,7,371.4
"499",2003,244,4,4,143.3
"500",2003,306,16,10,280.1
"501",2003,308,9,6,522.3
"502",2003,309,4,3,90.8
"503",2003,312,9,6,340.7
"504",2003,313,4,3,348
"505",2003,314,1,1,443.5
"506",2003,315,4,4,106.7
"507",2003,320,9,7,325.3
"508",2003,322,1,1,418.2
"509",2003,323,1,1,56.6
"510",2003,325,4,4,292.8
"511",2003,329,1,1,142.8
"512",2003,330,1,1,611.9
"513",2003,331,1,1,143.1
"514",2003,332,4,3,226.3
"515",2003,334,4,3,145.6
"516",2003,336,1,1,282.1
"517",2003,337,4,3,474.3
"518",2003,339,1,1,91.4
"519",2003,343,1,1,165.2
"520",2003,344,16,10,378.6
"521",2003,345,1,1,123.7
"522",2003,346,4,3,89.9
"523",2003,347,1,1,251.1
"524",2003,355,16,9,512.8
"525",2003,356,9,8,365.8
"526",2003,358,16,10,372.7
"527",2003,359,4,3,102.6
"528",2003,361,9,6,232.5
"529",2003,363,4,2,246.3
"530",2003,364,4,3,111.8
"531",2003,62,4,3,223.4
"532",2003,63,4,3,237
"533",2003,67,16,11,235.6
"534",2003,69,16,8,399.5
"535",2003,70,1,1,57
"536",2003,77,1,1,40
"537",2003,78,4,3,319.9
"538",2003,80,4,3,142.7
"539",2003,82,4,4,263.1
"540",2003,83,9,5,178.9
"541",2003,87,9,6,258.6
"542",2003,89,4,3,818.4
"543",2003,90,1,1,134.7
"544",2003,92,9,6,268.43
"545",2003,93,4,4,256.1
"546",2004,100,1,1,181.3
"547",2004,102,1,1,285.3
"548",2004,104,16,9,273.5
"549",2004,105,4,4,66.9
"550",2004,106,9,5,251.9
"551",2004,107,16,9,210.9
"552",2004,109,1,1,95.9
"553",2004,111,1,1,104.8
"554",2004,115,1,1,118.2
"555",2004,116,1,1,68.7
"556",2004,119,9,7,227.2
"557",2004,120,4,4,175.49
"558",2004,121,4,4,91.5
"559",2004,122,1,1,277.5
"560",2004,184,16,11,350.6
"561",2004,187,9,6,316.1
"562",2004,188,16,8,349.9
"563",2004,189,4,3,399
"564",2004,190,1,1,428.9
"565",2004,191,4,2,440.5
"566",2004,192,1,1,10.6
"567",2004,198,4,4,214.7
"568",2004,199,1,1,295.4
"569",2004,200,4,1,221.9
"570",2004,201,16,12,224.07
"571",2004,202,1,1,75.4
"572",2004,209,1,1,583.9
"573",2004,211,4,3,137.7
"574",2004,216,4,3,453
"575",2004,220,4,4,233.8
"576",2004,221,4,4,81.5
"577",2004,222,16,10,278.5
"578",2004,226,9,8,362.2
"579",2004,227,1,1,102.5
"580",2004,228,1,1,104.2
"581",2004,229,1,1,14.8
"582",2004,230,9,6,256.8
"583",2004,231,1,1,136.9
"584",2004,233,9,4,270.4
"585",2004,235,1,1,111.1
"586",2004,239,4,4,257.3
"587",2004,242,4,2,395.4
"588",2004,243,9,6,450.5
"589",2004,244,4,4,145.7
"590",2004,306,16,8,300.1
"591",2004,308,9,6,228.4
"592",2004,309,4,2,110.6
"593",2004,312,9,4,251.7
"594",2004,313,4,1,791
"595",2004,314,1,1,461.3
"596",2004,315,4,4,110
"597",2004,320,9,6,133.6
"598",2004,322,1,1,62.6
"599",2004,323,1,1,112.4
"600",2004,325,4,4,496.1
"601",2004,329,1,1,32.9
"602",2004,330,1,1,257.8
"603",2004,331,1,1,113.4
"604",2004,332,4,4,241.4
"605",2004,334,4,3,291.3
"606",2004,336,1,1,199.3
"607",2004,337,4,3,280.1
"608",2004,339,1,1,0.6
"609",2004,343,1,1,115.5
"610",2004,344,16,11,358.6
"611",2004,345,1,1,197.2
"612",2004,346,4,4,196.2
"613",2004,347,1,1,9.6
"614",2004,355,16,8,299.7
"615",2004,356,9,7,284.8
"616",2004,358,16,7,258.8
"617",2004,359,4,3,127.7
"618",2004,361,9,5,172
"619",2004,363,4,3,344
"620",2004,364,4,2,100.7
"621",2004,62,4,3,251.1
"622",2004,63,4,3,65.3
"623",2004,67,16,7,518.3
"624",2004,69,16,8,383.8
"625",2004,70,1,1,170.3
"626",2004,77,1,1,1.9
"627",2004,78,4,2,873.1
"628",2004,80,4,3,120.8
"629",2004,82,4,3,170.7
"630",2004,83,9,4,535.5
"631",2004,87,9,5,391.4
"632",2004,89,4,2,685.7
"633",2004,90,1,1,107.4
"634",2004,92,9,3,150.9
"635",2004,93,4,3,363.1
"636",2005,100,1,1,585.2
"637",2005,102,1,1,327.8
"638",2005,104,16,8,388.1
"639",2005,105,4,2,139.9
"640",2005,107,16,7,677.1
"641",2005,109,1,1,129.3
"642",2005,111,1,1,135.3
"643",2005,115,1,1,44.2
"644",2005,116,1,1,236
"645",2005,120,4,4,222.8
"646",2005,121,4,3,239.9
"647",2005,122,1,1,123.5
"648",2005,184,16,10,544.2
"649",2005,188,16,6,484.5
"650",2005,189,4,3,296.3
"651",2005,190,1,1,311.2
"652",2005,191,4,2,257.3
"653",2005,192,1,1,76.9
"654",2005,198,4,4,628.1
"655",2005,199,1,1,241.2
"656",2005,200,4,1,394.1
"657",2005,201,16,10,447.1
"658",2005,202,1,1,66.3
"659",2005,209,1,1,1165.2
"660",2005,211,4,3,148.4
"661",2005,216,4,3,317.8
"662",2005,220,4,4,727.2
"663",2005,221,4,4,211.3
"664",2005,222,16,9,798.6
"665",2005,223,1,1,118
"666",2005,227,1,1,42.8
"667",2005,228,1,1,100.1
"668",2005,229,1,1,2.5
"669",2005,231,1,1,494.1
"670",2005,235,1,1,153.6
"671",2005,239,4,4,992.3
"672",2005,242,4,3,430.5
"673",2005,244,4,3,153.1
"674",2005,306,16,10,647.8
"675",2005,309,4,2,712
"676",2005,313,4,2,539.5
"677",2005,314,1,1,301.8
"678",2005,315,4,3,206.9
"679",2005,322,1,1,86.3
"680",2005,323,1,1,109.9
"681",2005,325,4,4,539
"682",2005,329,1,1,76.2
"683",2005,330,1,1,608.1
"684",2005,331,1,1,173.3
"685",2005,332,4,3,426.1
"686",2005,334,4,3,370.6
"687",2005,336,1,1,137.2
"688",2005,337,4,4,500.2
"689",2005,339,1,1,441
"690",2005,343,1,1,189.6
"691",2005,344,16,9,628.7
"692",2005,345,1,1,272.6
"693",2005,346,4,4,220.7
"694",2005,347,1,1,358.7
"695",2005,355,16,9,508.4
"696",2005,358,16,9,536.7
"697",2005,359,4,4,413.1
"698",2005,363,4,3,269
"699",2005,364,4,4,140.3
"700",2005,62,4,3,265.2
"701",2005,63,4,2,130.2
"702",2005,67,16,6,658.5
"703",2005,69,16,9,442
"704",2005,70,1,1,114.9
"705",2005,78,4,2,256.4
"706",2005,80,4,4,105.3
"707",2005,82,4,3,159.1
"708",2005,89,4,2,217.4
"709",2005,90,1,1,173.8
"710",2005,93,4,4,263.2
"711",2006,100,1,1,333.7
"712",2006,102,1,1,94.4
"713",2006,104,16,10,248.6
"714",2006,107,16,7,438
"715",2006,109,1,1,151.9
"716",2006,111,1,1,107.3
"717",2006,115,1,1,97.1
"718",2006,116,1,1,293.2
"719",2006,122,1,1,145.1
"720",2006,184,16,11,400.9
"721",2006,188,16,9,499.7
"722",2006,190,1,1,418.1
"723",2006,192,1,1,1.8
"724",2006,199,1,1,124.1
"725",2006,201,16,8,389.2
"726",2006,202,1,1,108.9
"727",2006,209,1,1,276.2
"728",2006,222,16,10,514.22
"729",2006,223,1,1,166.4
"730",2006,227,1,1,77.8
"731",2006,228,1,1,91.1
"732",2006,229,1,1,29
"733",2006,231,1,1,283.7
"734",2006,235,1,1,86.1
"735",2006,306,16,10,207.7
"736",2006,314,1,1,147.6
"737",2006,322,1,1,478.7
"738",2006,323,1,1,153.5
"739",2006,329,1,1,23.5
"740",2006,330,1,1,145.8
"741",2006,331,1,1,55.7
"742",2006,336,1,1,41.7
"743",2006,339,1,1,101.2
"744",2006,343,1,1,87.7
"745",2006,344,16,9,242.29
"746",2006,345,1,1,207.3
"747",2006,347,1,1,75.2
"748",2006,355,16,9,142.6
"749",2006,358,16,8,294.6
"750",2006,67,16,8,432.3
"751",2006,69,16,6,312
"752",2006,70,1,1,110
"753",2006,90,1,1,113.9
"754",2007,100,1,1,565.7
"755",2007,102,1,1,429.4
"756",2007,104,16,7,353.8
"757",2007,106,9,7,159.59
"758",2007,107,16,7,364.9
"759",2007,109,1,1,97.3
"760",2007,111,1,1,110.6
"761",2007,115,1,1,30
"762",2007,116,1,1,357.6
"763",2007,119,9,5,250.9
"764",2007,122,1,1,91.5
"765",2007,184,16,11,223.14
"766",2007,187,9,7,328.3
"767",2007,188,16,8,194.55
"768",2007,190,1,1,481.6
"769",2007,192,1,1,151
"770",2007,199,1,1,287.4
"771",2007,201,16,9,322.64
"772",2007,202,1,1,55
"773",2007,209,1,1,327.8
"774",2007,222,16,12,270.24
"775",2007,223,1,1,70.4
"776",2007,226,9,6,309.4
"777",2007,227,1,1,55.2
"778",2007,228,1,1,58.7
"779",2007,229,1,1,3
"780",2007,230,9,6,223.6
"781",2007,231,1,1,155.6
"782",2007,233,9,8,246.14
"783",2007,235,1,1,58.7
"784",2007,243,9,6,376.5
"785",2007,306,16,9,267.6
"786",2007,308,9,7,233.6
"787",2007,312,9,4,318.1
"788",2007,314,1,1,317.1
"789",2007,320,9,6,245.9
"790",2007,322,1,1,180.7
"791",2007,323,1,1,44.4
"792",2007,329,1,1,105.6
"793",2007,330,1,1,626
"794",2007,331,1,1,143.1
"795",2007,336,1,1,92.1
"796",2007,339,1,1,61
"797",2007,343,1,1,122.3
"798",2007,344,16,11,265.4
"799",2007,345,1,1,129.2
"800",2007,347,1,1,116.2
"801",2007,355,16,9,417.7
"802",2007,356,9,8,136.5
"803",2007,358,16,7,359.8
"804",2007,361,9,6,299.4
"805",2007,67,16,7,371.7
"806",2007,69,16,8,485.3
"807",2007,70,1,1,138.7
"808",2007,77,1,0,0
"809",2007,83,9,6,303.7
"810",2007,87,9,5,445.6
"811",2007,90,1,1,137.7
"812",2007,92,9,5,110.5
"813",2008,100,1,1,232.2
"814",2008,102,1,1,624.6
"815",2008,104,16,9,442.3
"816",2008,106,9,6,305.5
"817",2008,107,16,7,356.8
"818",2008,109,1,1,114
"819",2008,111,1,1,240.7
"820",2008,115,1,1,73.9
"821",2008,116,1,1,48.5
"822",2008,119,9,6,199.4
"823",2008,122,1,1,47.5
"824",2008,184,16,10,506.2
"825",2008,187,9,5,222.2
"826",2008,188,16,9,571.13
"827",2008,190,1,1,299.7
"828",2008,192,1,1,26.9
"829",2008,199,1,1,263.3
"830",2008,201,16,6,512.3
"831",2008,202,1,1,73.8
"832",2008,209,1,1,192.6
"833",2008,222,16,8,460.2
"834",2008,223,1,1,157.2
"835",2008,226,9,8,408.5
"836",2008,227,1,1,69.6
"837",2008,228,1,1,60.4
"838",2008,229,1,0,0
"839",2008,230,9,5,236.6
"840",2008,231,1,1,121.6
"841",2008,233,9,6,289.8
"842",2008,235,1,1,23.4
"843",2008,243,9,6,396.7
"844",2008,306,16,8,388.7
"845",2008,308,9,6,283.1
"846",2008,312,9,5,202.43
"847",2008,314,1,1,122.1
"848",2008,320,9,5,170.8
"849",2008,322,1,1,254.2
"850",2008,323,1,1,22.7
"851",2008,329,1,1,69.9
"852",2008,330,1,1,138.4
"853",2008,331,1,1,30.2
"854",2008,336,1,1,20.6
"855",2008,339,1,1,49.7
"856",2008,343,1,1,70.7
"857",2008,344,16,8,584.1
"858",2008,345,1,1,84.2
"859",2008,347,1,1,65.9
"860",2008,355,16,8,377.5
"861",2008,356,9,5,43.3
"862",2008,358,16,8,478.4
"863",2008,361,9,5,78.4
"864",2008,67,16,7,421.8
"865",2008,69,16,8,309.96
"866",2008,70,1,1,55.1
"867",2008,77,1,0,0
"868",2008,83,9,5,401.7
"869",2008,87,9,6,401.8
"870",2008,90,1,1,84.5
"871",2008,92,9,2,149.9
"872",2009,100,1,1,281.5
"873",2009,102,1,1,53.6
"874",2009,104,16,7,513.4
"875",2009,106,9,7,221.5
"876",2009,107,16,5,317.7
"877",2009,109,1,1,68.3
"878",2009,111,1,1,109.2
"879",2009,115,1,1,98.9
"880",2009,116,1,1,60.3
"881",2009,119,9,7,332.6
"882",2009,122,1,1,79
"883",2009,184,16,8,543.5
"884",2009,187,9,5,107
"885",2009,188,16,6,598.2
"886",2009,190,1,1,408.7
"887",2009,192,1,1,4.7
"888",2009,199,1,1,275.8
"889",2009,201,16,9,382.9
"890",2009,202,1,1,32.3
"891",2009,209,1,1,180.6
"892",2009,222,16,6,488.8
"893",2009,223,1,1,94.5
"894",2009,226,9,6,242.5
"895",2009,227,1,1,71.9
"896",2009,228,1,1,28.5
"897",2009,229,1,1,0.1
"898",2009,230,9,6,241
"899",2009,231,1,1,111.8
"900",2009,233,9,5,404.3
"901",2009,235,1,1,124.7
"902",2009,243,9,5,270.48
"903",2009,306,16,7,340.9
"904",2009,308,9,5,218.5
"905",2009,312,9,4,286.3
"906",2009,314,1,1,74.3
"907",2009,320,9,5,255
"908",2009,322,1,1,362.5
"909",2009,323,1,1,125.9
"910",2009,329,1,1,53.1
"911",2009,330,1,1,103.6
"912",2009,331,1,1,104.6
"913",2009,336,1,1,7.5
"914",2009,339,1,1,103.3
"915",2009,343,1,1,163.3
"916",2009,344,16,5,536.5
"917",2009,345,1,1,137.3
"918",2009,347,1,1,109.5
"919",2009,355,16,6,427.9
"920",2009,356,9,5,140.17
"921",2009,358,16,9,329.5
"922",2009,361,9,6,157.9
"923",2009,67,16,6,421.4
"924",2009,69,16,6,410.2
"925",2009,70,1,1,119.4
"926",2009,77,1,0,0
"927",2009,83,9,3,244.1
"928",2009,87,9,4,317.1
"929",2009,90,1,1,106.9
"930",2009,92,9,4,121.2
"931",2010,100,1,1,48.7
"932",2010,102,1,1,939.5
"933",2010,104,16,7,1045.63
"934",2010,106,9,6,324.19
"935",2010,107,16,6,436.97
"936",2010,109,1,1,125
"937",2010,111,1,1,185.4
"938",2010,115,1,1,97.81
"939",2010,116,1,1,9.76
"940",2010,119,9,5,408.94
"941",2010,122,1,1,59.78
"942",2010,184,16,7,451.78
"943",2010,187,9,7,443.9
"944",2010,188,16,6,466.3
"945",2010,190,1,1,199.7
"946",2010,192,1,1,10.67
"947",2010,199,1,1,159.2
"948",2010,201,16,9,278.9
"949",2010,202,1,1,65.2
"950",2010,209,1,1,707.1
"951",2010,222,16,10,370.76
"952",2010,223,1,1,74.04
"953",2010,226,9,5,593.2
"954",2010,227,1,1,64.9
"955",2010,228,1,1,74.5
"956",2010,229,1,0,0
"957",2010,230,9,5,244.85
"958",2010,231,1,1,173.3
"959",2010,233,9,6,196.7
"960",2010,235,1,1,201.6
"961",2010,243,9,5,679.5
"962",2010,306,16,9,459.3
"963",2010,308,9,6,107.6
"964",2010,312,9,3,525.7
"965",2010,314,1,1,824.5
"966",2010,320,9,6,341.1
"967",2010,322,1,1,213.5
"968",2010,323,1,1,62.2
"969",2010,329,1,1,53.6
"970",2010,330,1,1,498.2
"971",2010,331,1,1,124.4
"972",2010,336,1,1,5.2
"973",2010,339,1,1,78.8
"974",2010,343,1,1,265.9
"975",2010,344,16,7,195.6
"976",2010,345,1,1,147.5
"977",2010,347,1,1,65.4
"978",2010,355,16,6,581.7
"979",2010,356,9,7,748.6
"980",2010,358,16,9,145.23
"981",2010,361,9,7,362.6
"982",2010,67,16,7,768.79
"983",2010,69,16,7,1086.67
"984",2010,70,1,1,112.3
"985",2010,77,1,0,0
"986",2010,83,9,4,249.8
"987",2010,87,9,6,221.6
"988",2010,90,1,1,93.9
"989",2010,92,9,3,303.9
"990",2011,100,1,1,90.5
"991",2011,102,1,1,558.1
"992",2011,104,16,11,475.4
"993",2011,106,9,6,426.3
"994",2011,107,16,6,508.5
"995",2011,109,1,1,204.1
"996",2011,111,1,1,173.7
"997",2011,115,1,1,74.7
"998",2011,116,1,1,18.1
"999",2011,119,9,6,348.9
"1000",2011,122,1,1,171.8
"1001",2011,184,16,8,658.6
"1002",2011,187,9,7,278.2
"1003",2011,188,16,7,1116.9
"1004",2011,190,1,1,424.3
"1005",2011,192,1,1,0.5
"1006",2011,199,1,1,341.3
"1007",2011,201,16,6,394.3
"1008",2011,202,1,1,74.5
"1009",2011,209,1,1,529.4
"1010",2011,222,16,7,490
"1011",2011,223,1,1,113.7
"1012",2011,226,9,5,343.4
"1013",2011,227,1,1,76
"1014",2011,228,1,1,86.9
"1015",2011,229,1,0,0
"1016",2011,230,9,7,234
"1017",2011,231,1,1,240.6
"1018",2011,233,9,5,500.65
"1019",2011,235,1,1,241.7
"1020",2011,243,9,4,806.2
"1021",2011,306,16,7,334.1
"1022",2011,308,9,5,499.7
"1023",2011,312,9,4,187.5
"1024",2011,314,1,1,304.5
"1025",2011,320,9,5,391.3
"1026",2011,322,1,1,108.1
"1027",2011,323,1,1,111.8
"1028",2011,329,1,1,28.07
"1029",2011,330,1,1,170.7
"1030",2011,331,1,1,177.1
"1031",2011,336,1,1,10
"1032",2011,339,1,1,89.2
"1033",2011,343,1,1,194.6
"1034",2011,344,16,5,516.4
"1035",2011,345,1,1,265.1
"1036",2011,347,1,1,74.3
"1037",2011,355,16,6,600
"1038",2011,356,9,5,167.9
"1039",2011,358,16,8,661.9
"1040",2011,361,9,6,186.9
"1041",2011,67,16,5,487
"1042",2011,69,16,6,353.8
"1043",2011,70,1,1,166.5
"1044",2011,77,1,0,0
"1045",2011,83,9,4,499.9
"1046",2011,87,9,7,434.1
"1047",2011,90,1,1,208.6
"1048",2011,92,9,4,158.5
"1049",2012,100,1,1,27.2
"1050",2012,102,1,1,193.4
"1051",2012,104,16,5,456.6
"1052",2012,106,9,6,558.4
"1053",2012,107,16,4,279.3
"1054",2012,109,1,1,92
"1055",2012,111,1,1,124.6
"1056",2012,115,1,1,144.8
"1057",2012,116,1,1,3
"1058",2012,119,9,7,481.3
"1059",2012,122,1,1,160.9
"1060",2012,184,16,8,605
"1061",2012,187,9,6,295.4
"1062",2012,188,16,4,245.6
"1063",2012,190,1,1,192.7
"1064",2012,192,1,1,33.8
"1065",2012,199,1,1,280.6
"1066",2012,201,16,6,221.3
"1067",2012,202,1,1,86.9
"1068",2012,209,1,1,138.1
"1069",2012,222,16,9,455.2
"1070",2012,223,1,1,8.2
"1071",2012,226,9,4,286.5
"1072",2012,227,1,1,138.8
"1073",2012,228,1,1,84.7
"1074",2012,229,1,0,0
"1075",2012,230,9,5,286.7
"1076",2012,231,1,1,221.1
"1077",2012,233,9,6,266.8
"1078",2012,235,1,1,77.3
"1079",2012,243,9,5,324.2
"1080",2012,306,16,7,203.1
"1081",2012,308,9,4,121.4
"1082",2012,312,9,3,458.8
"1083",2012,314,1,1,120.4
"1084",2012,320,9,6,346.5
"1085",2012,322,1,1,52.6
"1086",2012,323,1,1,113.1
"1087",2012,329,1,1,91.2
"1088",2012,330,1,1,161.2
"1089",2012,331,1,1,235.8
"1090",2012,336,1,1,6.7
"1091",2012,339,1,1,119.4
"1092",2012,343,1,1,411.5
"1093",2012,344,16,6,270.1
"1094",2012,345,1,1,334.5
"1095",2012,347,1,0,0
"1096",2012,355,16,7,387.8
"1097",2012,356,9,5,320.3
"1098",2012,358,16,7,299.6
"1099",2012,361,9,5,248.6
"1100",2012,67,16,5,293.4
"1101",2012,69,16,8,327.6
"1102",2012,70,1,1,189.5
"1103",2012,77,1,0,0
"1104",2012,83,9,3,368.4
"1105",2012,87,9,4,234.6
"1106",2012,90,1,1,904
"1107",2012,92,9,5,421.7
"1108",2013,100,1,1,267.6
"1109",2013,102,1,1,138.6
"1110",2013,104,16,9,492.6
"1111",2013,106,9,5,410.5
"1112",2013,107,16,7,424.8
"1113",2013,109,1,1,221.3
"1114",2013,111,1,1,97.5
"1115",2013,115,1,1,101.1
"1116",2013,116,1,1,39.3
"1117",2013,119,9,6,407.2
"1118",2013,122,1,1,71
"1119",2013,184,16,7,441.3
"1120",2013,187,9,5,676
"1121",2013,188,16,8,398.21
"1122",2013,190,1,1,126.5
"1123",2013,192,1,1,150.1
"1124",2013,199,1,1,353
"1125",2013,201,16,7,397.8
"1126",2013,202,1,1,111.2
"1127",2013,209,1,1,527.3
"1128",2013,222,16,7,380.12
"1129",2013,223,1,1,101.8
"1130",2013,226,9,7,890.2
"1131",2013,227,1,1,105.8
"1132",2013,228,1,1,94.9
"1133",2013,229,1,0,0
"1134",2013,230,9,6,224.38
"1135",2013,231,1,1,128.2
"1136",2013,233,9,8,493.57
"1137",2013,235,1,1,146.3
"1138",2013,243,9,5,411.8
"1139",2013,306,16,9,493.371
"1140",2013,308,9,5,556.4
"1141",2013,312,9,3,200.5
"1142",2013,314,1,1,435.9
"1143",2013,320,9,5,458
"1144",2013,322,1,1,134
"1145",2013,323,1,1,74.5
"1146",2013,329,1,1,41.6
"1147",2013,330,1,1,557.1
"1148",2013,331,1,1,134.6
"1149",2013,336,1,1,5.2
"1150",2013,339,1,1,112.8
"1151",2013,343,1,1,129.9
"1152",2013,344,16,5,499.1
"1153",2013,345,1,1,96.8
"1154",2013,347,1,1,6.8
"1155",2013,355,16,7,361.9
"1156",2013,356,9,1,161.6
"1157",2013,358,16,6,415.148
"1158",2013,361,9,6,310.2
"1159",2013,67,16,5,508.3
"1160",2013,69,16,6,545.1
"1161",2013,70,1,1,156.9
"1162",2013,77,1,0,0
"1163",2013,83,9,5,280.3
"1164",2013,87,9,6,326.51
"1165",2013,90,1,1,133
"1166",2013,92,9,4,451.2
"1167",2014,100,1,1,231.7
"1168",2014,102,1,1,221.9
"1169",2014,104,16,6,342.5
"1170",2014,106,9,4,502.1
"1171",2014,107,16,5,221.05
"1172",2014,109,1,1,50.9
"1173",2014,111,1,1,154.6
"1174",2014,115,1,1,148.2
"1175",2014,116,1,1,161.3
"1176",2014,119,9,6,572.9
"1177",2014,122,1,1,51.7
"1178",2014,184,16,8,505.9
"1179",2014,187,9,5,141.3
"1180",2014,188,16,5,381.1
"1181",2014,190,1,1,377.2
"1182",2014,192,1,1,2.4
"1183",2014,199,1,1,370.6
"1184",2014,201,16,6,389.4
"1185",2014,202,1,1,76.7
"1186",2014,209,1,1,506.6
"1187",2014,222,16,8,257.9
"1188",2014,223,1,1,146.2
"1189",2014,226,9,7,694.5
"1190",2014,227,1,1,124.6
"1191",2014,228,1,1,34.4
"1192",2014,229,1,0,0
"1193",2014,230,9,6,681
"1194",2014,231,1,1,219.3
"1195",2014,233,9,4,283.1
"1196",2014,235,1,1,97.6
"1197",2014,243,9,5,337.7
"1198",2014,306,16,7,397.94
"1199",2014,308,9,6,254.8
"1200",2014,312,9,4,455.6
"1201",2014,314,1,1,39.3
"1202",2014,320,9,4,639.1
"1203",2014,322,1,1,50.4
"1204",2014,323,1,1,93.7
"1205",2014,329,1,1,116.2
"1206",2014,330,1,1,273.1
"1207",2014,331,1,1,107.1
"1208",2014,336,1,1,36.4
"1209",2014,339,1,1,238.3
"1210",2014,343,1,1,150.4
"1211",2014,344,16,5,346.3
"1212",2014,345,1,1,119.4
"1213",2014,347,1,1,89.6
"1214",2014,355,16,6,423.8
"1215",2014,356,9,3,194.89
"1216",2014,358,16,5,210.9
"1217",2014,361,9,5,222.6
"1218",2014,67,16,5,291.3
"1219",2014,69,16,4,271.4
"1220",2014,70,1,1,66.1
"1221",2014,77,1,0,0
"1222",2014,83,9,3,566.7
"1223",2014,87,9,4,194.9
"1224",2014,90,1,1,166.8
"1225",2014,92,9,3,487
"1226",2015,100,1,1,262.6
"1227",2015,102,1,1,510.7
"1228",2015,104,16,7,701.8
"1229",2015,106,9,4,792.5
"1230",2015,107,16,6,539.3
"1231",2015,109,1,1,84.6
"1232",2015,111,1,1,187.1
"1233",2015,115,1,1,72
"1234",2015,116,1,1,288.1
"1235",2015,119,9,4,602.3
"1236",2015,122,1,1,249.2
"1237",2015,184,16,7,547.67
"1238",2015,187,9,5,771.7
"1239",2015,188,16,8,333.7
"1240",2015,190,1,1,203.8
"1241",2015,192,1,1,1.9
"1242",2015,199,1,1,183.8
"1243",2015,201,16,6,359.7
"1244",2015,202,1,1,88.7
"1245",2015,209,1,1,397.4
"1246",2015,222,16,5,703.42
"1247",2015,223,1,1,50.4
"1248",2015,226,9,6,909.2
"1249",2015,227,1,1,156.8
"1250",2015,228,1,1,6.4
"1251",2015,229,1,0,0
"1252",2015,230,9,6,500.52
"1253",2015,231,1,1,210
"1254",2015,233,9,7,871.22
"1255",2015,235,1,1,147.5
"1256",2015,243,9,5,225.49
"1257",2015,306,16,7,835.45
"1258",2015,308,9,5,214.4
"1259",2015,312,9,3,347.4
"1260",2015,314,1,1,410.8
"1261",2015,320,9,5,242.36
"1262",2015,322,1,1,415.4
"1263",2015,323,1,1,82
"1264",2015,329,1,1,59.6
"1265",2015,330,1,1,480.6
"1266",2015,331,1,1,354.7
"1267",2015,336,1,1,30.9
"1268",2015,339,1,1,131.6
"1269",2015,343,1,1,454.5
"1270",2015,344,16,10,1745.9
"1271",2015,345,1,1,458.6
"1272",2015,347,1,1,18
"1273",2015,355,16,6,1055.8
"1274",2015,356,9,5,271
"1275",2015,358,16,5,554.6
"1276",2015,361,9,6,482
"1277",2015,67,16,5,776.6
"1278",2015,69,16,6,251.3
"1279",2015,70,1,1,392.2
"1280",2015,77,1,0,0
"1281",2015,83,9,4,257.9
"1282",2015,87,9,4,233.7
"1283",2015,90,1,1,334
"1284",2015,92,9,4,464.2
"1285",2016,100,1,1,202.3
"1286",2016,102,1,1,1033.9
"1287",2016,104,16,6,607.1
"1288",2016,106,9,5,364.2
"1289",2016,107,16,5,501.5
"1290",2016,109,1,1,87.1
"1291",2016,111,1,1,66.2
"1292",2016,115,1,1,90.1
"1293",2016,116,1,1,951.3
"1294",2016,119,9,7,414
"1295",2016,122,1,1,104.4
"1296",2016,184,16,7,460.44
"1297",2016,187,9,5,476.7
"1298",2016,188,16,5,454.8
"1299",2016,190,1,1,339.3
"1300",2016,192,1,1,23.8
"1301",2016,199,1,1,251.3
"1302",2016,201,16,7,393.5
"1303",2016,202,1,1,42.4
"1304",2016,209,1,1,507.8
"1305",2016,222,16,5,384.9
"1306",2016,223,1,1,82.1
"1307",2016,226,9,5,617.5
"1308",2016,227,1,1,95.5
"1309",2016,228,1,1,32.1
"1310",2016,229,1,1,67.5
"1311",2016,230,9,6,332
"1312",2016,231,1,1,245.2
"1313",2016,233,9,7,393.8
"1314",2016,235,1,1,68.1
"1315",2016,243,9,5,246.1
"1316",2016,306,16,7,298.7
"1317",2016,308,9,6,489.2
"1318",2016,312,9,3,508.9
"1319",2016,314,1,1,355.2
"1320",2016,320,9,6,679.3
"1321",2016,322,1,1,153.7
"1322",2016,323,1,1,118.9
"1323",2016,329,1,1,56.6
"1324",2016,330,1,1,168.3
"1325",2016,331,1,1,280.6
"1326",2016,336,1,1,9.2
"1327",2016,339,1,1,144.1
"1328",2016,343,1,1,436.1
"1329",2016,344,16,7,579.5
"1330",2016,345,1,1,199.7
"1331",2016,347,1,1,65.5
"1332",2016,355,16,7,609.1
"1333",2016,356,9,7,778.4
"1334",2016,358,16,7,619.8
"1335",2016,361,9,5,695.4
"1336",2016,67,16,7,459.5
"1337",2016,69,16,5,668.8
"1338",2016,70,1,1,203.3
"1339",2016,77,1,0,0
"1340",2016,83,9,5,537.38
"1341",2016,87,9,4,251.5
"1342",2016,90,1,1,269.3
"1343",2016,92,9,2,245.2
"1344",2017,100,1,1,202.2
"1345",2017,102,1,1,201.1
"1346",2017,104,16,6,550.3
"1347",2017,106,9,4,393.3
"1348",2017,107,16,4,589.3
"1349",2017,109,1,1,50.7
"1350",2017,111,1,1,114.2
"1351",2017,115,1,1,54.6
"1352",2017,116,1,1,207.3
"1353",2017,119,9,6,256.3
"1354",2017,122,1,1,218.5
"1355",2017,184,16,5,293.1
"1356",2017,187,9,5,279.1
"1357",2017,188,16,6,414.1
"1358",2017,190,1,1,173.2
"1359",2017,192,1,0,0
"1360",2017,199,1,1,139.2
"1361",2017,201,16,4,326.4
"1362",2017,202,1,1,62.5
"1363",2017,209,1,1,151.8
"1364",2017,222,16,7,167.4
"1365",2017,223,1,1,29.4
"1366",2017,226,9,4,632.4
"1367",2017,227,1,1,97.4
"1368",2017,228,1,1,20.4
"1369",2017,229,1,0,0
"1370",2017,230,9,6,387.4
"1371",2017,231,1,1,140.2
"1372",2017,233,9,8,717.5
"1373",2017,235,1,1,102.2
"1374",2017,243,9,4,520.5
"1375",2017,306,16,6,372.2
"1376",2017,308,9,6,526
"1377",2017,312,9,3,80.3
"1378",2017,314,1,1,316.2
"1379",2017,320,9,4,273.2
"1380",2017,322,1,1,75.7
"1381",2017,323,1,1,80.6
"1382",2017,329,1,1,16.7
"1383",2017,330,1,1,53.8
"1384",2017,331,1,1,156.4
"1385",2017,336,1,1,42.1
"1386",2017,339,1,1,86
"1387",2017,343,1,1,76.4
"1388",2017,344,16,4,538.5
"1389",2017,345,1,1,217.7
"1390",2017,347,1,1,74.2
"1391",2017,355,16,5,450.1
"1392",2017,356,9,3,171.5
"1393",2017,358,16,4,330.7
"1394",2017,361,9,6,319.7
"1395",2017,67,16,6,380.5
"1396",2017,69,16,4,256.1
"1397",2017,70,1,1,44.1
"1398",2017,77,1,0,0
"1399",2017,83,9,4,320.5
"1400",2017,87,9,4,285.9
"1401",2017,90,1,1,79.8
"1402",2017,92,9,2,171.9
