"","year","plot","strip","numsp","spnum","rich","mass.live"
"1",2001,104,3,8,8,5,203.367
"2",2001,107,3,16,17,10,136.36
"3",2001,108,3,16,17,9,243.918
"4",2001,109,3,1,1,1,71.19
"5",2001,11,3,1,1,1,129.983
"6",2001,110,3,4,4,3,204.457
"7",2001,111,3,8,10,5,49.766
"8",2001,115,3,8,9,2,49.117
"9",2001,117,3,2,2,2,155.083
"10",2001,118,3,8,9,4,80.18
"11",2001,12,3,8,10,7,155.95
"12",2001,125,3,2,2,2,289.817
"13",2001,127,3,2,2,1,36.048
"14",2001,129,3,1,1,1,119.15
"15",2001,130,3,8,8,6,362.016
"16",2001,133,3,4,6,3,98.567
"17",2001,135,3,1,1,1,117.083
"18",2001,136,3,16,17,10,258.084
"19",2001,137,3,1,1,1,226.417
"20",2001,138,3,4,4,4,128.683
"21",2001,139,3,4,4,2,137.031
"22",2001,14,3,2,2,2,158.05
"23",2001,142,3,1,1,1,91.733
"24",2001,146,3,8,9,4,161.8
"25",2001,149,3,4,6,2,68.2
"26",2001,15,3,8,10,4,108.817
"27",2001,153,3,1,1,1,10.25
"28",2001,156,3,16,17,11,141.057
"29",2001,157,3,2,2,2,32.317
"30",2001,16,3,1,1,1,58.517
"31",2001,160,3,16,17,9,105.836
"32",2001,163,3,1,1,1,114.93
"33",2001,164,3,16,17,9,243.557
"34",2001,165,3,2,2,1,81.883
"35",2001,167,3,1,1,1,135.397
"36",2001,168,3,2,2,2,96.954
"37",2001,169,3,16,17,10,356.358
"38",2001,170,3,8,10,6,145.001
"39",2001,171,3,2,2,2,99.465
"40",2001,174,3,16,17,9,337.968
"41",2001,175,3,2,2,2,227.433
"42",2001,176,3,4,4,3,170.265
"43",2001,177,3,8,9,5,124.384
"44",2001,178,3,8,9,6,239.582
"45",2001,185,3,1,1,1,116.025
"46",2001,186,3,16,17,11,414.943
"47",2001,189,3,2,2,1,58.633
"48",2001,190,3,4,4,3,108.133
"49",2001,193,3,2,2,2,404.882
"50",2001,197,3,2,2,2,162.2
"51",2001,199,3,4,4,2,287.572
"52",2001,2,3,1,1,1,80.083
"53",2001,20,3,1,1,1,62.683
"54",2001,201,3,4,4,3,485.717
"55",2001,202,3,16,17,11,450.199
"56",2001,205,3,1,1,1,126.1
"57",2001,206,3,8,9,5,334.999
"58",2001,208,3,8,8,6,262.656
"59",2001,210,3,8,8,6,305.018
"60",2001,211,3,2,4,1,38.333
"61",2001,213,3,8,9,6,135.217
"62",2001,22,3,8,10,3,77.033
"63",2001,220,3,16,17,9,196.166
"64",2001,223,3,4,4,3,280.45
"65",2001,224,3,2,2,2,104.217
"66",2001,225,3,4,4,2,215.267
"67",2001,227,3,16,17,11,344.768
"68",2001,229,3,4,4,4,131.85
"69",2001,230,3,1,1,1,200.887
"70",2001,232,3,8,10,6,203.867
"71",2001,233,3,4,4,3,175.522
"72",2001,234,3,2,2,2,68.383
"73",2001,235,3,16,17,10,238.468
"74",2001,236,3,2,2,2,252.338
"75",2001,237,3,1,1,1,4.287
"76",2001,239,3,16,17,10,242.867
"77",2001,24,3,4,4,3,48.283
"78",2001,242,3,16,17,10,217.441
"79",2001,253,3,16,17,11,212.05
"80",2001,257,3,16,17,11,426.07
"81",2001,259,3,2,2,2,209.834
"82",2001,26,3,4,4,2,53.067
"83",2001,265,3,1,1,1,160.067
"84",2001,266,3,8,9,5,208.817
"85",2001,267,3,1,1,1,232.45
"86",2001,268,3,1,1,1,65.25
"87",2001,27,3,16,17,12,203.434
"88",2001,273,3,16,17,11,342.418
"89",2001,278,3,2,2,2,58.234
"90",2001,28,3,4,4,2,92.266
"91",2001,280,3,1,1,1,92.15
"92",2001,282,3,1,1,1,81.733
"93",2001,283,3,8,8,4,80.822
"94",2001,286,3,4,4,4,164.716
"95",2001,287,3,4,5,3,76.833
"96",2001,29,3,1,1,1,181.493
"97",2001,290,3,1,2,1,54.367
"98",2001,291,3,1,1,1,114.167
"99",2001,292,3,8,9,6,282.934
"100",2001,293,3,8,8,6,254.483
"101",2001,299,3,16,17,10,270.75
"102",2001,3,3,4,5,2,41.867
"103",2001,30,3,16,17,11,194.384
"104",2001,300,3,2,2,2,188.2
"105",2001,301,3,16,17,11,175.01
"106",2001,302,3,4,5,3,93.166
"107",2001,303,3,8,10,6,282.1
"108",2001,304,3,2,2,1,16.35
"109",2001,307,3,8,9,5,495.184
"110",2001,308,3,1,1,1,16.15
"111",2001,31,3,1,1,1,78.067
"112",2001,311,3,2,2,2,195.983
"113",2001,313,3,8,9,5,185.451
"114",2001,318,3,16,17,10,223.716
"115",2001,32,3,2,2,1,85.633
"116",2001,322,3,2,2,1,107.467
"117",2001,324,3,2,2,2,63.283
"118",2001,325,3,4,5,4,194.433
"119",2001,328,3,16,17,11,205.45
"120",2001,329,3,16,17,10,199.434
"121",2001,33,3,4,5,2,30.133
"122",2001,330,3,2,2,2,110.733
"123",2001,331,3,16,17,11,228.25
"124",2001,333,3,1,1,1,7.5
"125",2001,334,3,2,2,1,38.7
"126",2001,335,3,2,3,1,20.017
"127",2001,336,3,16,17,11,259.617
"128",2001,338,3,1,2,1,21.083
"129",2001,339,3,16,17,13,422.033
"130",2001,34,3,16,17,9,186.65
"131",2001,342,3,2,3,2,363.033
"132",2001,35,3,16,17,10,232.233
"133",2001,44,3,4,5,3,82.984
"134",2001,45,3,4,4,3,70.433
"135",2001,46,3,16,17,10,307.3
"136",2001,48,3,2,2,2,229.383
"137",2001,5,3,1,1,1,25.033
"138",2001,50,3,8,9,6,178.2
"139",2001,53,3,4,4,3,115.083
"140",2001,56,3,2,2,2,211.384
"141",2001,57,3,8,10,6,188.266
"142",2001,58,3,4,5,4,68.883
"143",2001,6,3,2,2,2,74.9
"144",2001,62,3,4,5,2,95.084
"145",2001,67,3,8,10,4,210.35
"146",2001,68,3,16,17,12,347.213
"147",2001,69,3,1,1,1,89.183
"148",2001,70,3,4,4,4,222.8
"149",2001,73,3,2,3,1,27.933
"150",2001,74,3,8,9,3,56.283
"151",2001,75,3,2,2,2,102.133
"152",2001,81,3,8,8,5,143.284
"153",2001,82,3,16,17,10,235.868
"154",2001,83,3,1,1,1,63.367
"155",2001,87,3,1,1,1,75.45
"156",2001,89,3,16,16,9,293.768
"157",2001,9,3,16,17,11,312.633
"158",2001,92,3,1,1,1,104.967
"159",2001,93,3,4,4,3,213.783
"160",2001,94,3,1,1,1,172.488
"161",2001,98,3,8,8,6,243.688
"162",2002,104,3,8,8,6,409.407
"163",2002,107,3,16,17,9,212.266
"164",2002,108,3,16,17,12,280.967
"165",2002,109,3,1,1,1,66.067
"166",2002,11,3,1,1,1,34.05
"167",2002,110,3,4,4,4,224.35
"168",2002,111,3,8,10,4,80.7
"169",2002,115,3,8,9,3,127.283
"170",2002,117,3,2,2,2,130.217
"171",2002,118,3,8,9,5,192.766
"172",2002,12,3,8,10,7,270.95
"173",2002,125,3,2,2,2,253.766
"174",2002,127,3,2,2,1,105.367
"175",2002,129,3,1,1,1,96.567
"176",2002,130,3,8,8,6,384.684
"177",2002,133,3,4,6,3,162.917
"178",2002,135,3,1,1,1,137.367
"179",2002,136,3,16,17,12,441.118
"180",2002,137,3,1,1,1,683.667
"181",2002,138,3,4,4,4,239.833
"182",2002,139,3,4,4,3,219.65
"183",2002,14,3,2,2,2,216.666
"184",2002,142,3,1,1,1,59.933
"185",2002,146,3,8,9,4,182.667
"186",2002,149,3,4,6,1,104.933
"187",2002,15,3,8,10,3,75.467
"188",2002,153,3,1,1,1,3.567
"189",2002,156,3,16,17,10,230.149
"190",2002,157,3,2,2,1,37.633
"191",2002,16,3,1,1,1,1.75
"192",2002,160,3,16,17,9,126.706
"193",2002,163,3,1,1,1,99.7
"194",2002,164,3,16,17,9,214.006
"195",2002,165,3,2,2,2,120.158
"196",2002,167,3,1,1,1,107.8
"197",2002,168,3,2,2,2,142.133
"198",2002,169,3,16,17,10,306.191
"199",2002,170,3,8,10,5,66.533
"200",2002,171,3,2,2,2,62.284
"201",2002,174,3,16,17,8,394.316
"202",2002,175,3,2,2,2,266
"203",2002,176,3,4,4,3,168.583
"204",2002,177,3,8,9,5,208.583
"205",2002,178,3,8,9,6,351.466
"206",2002,185,3,1,1,1,148.55
"207",2002,186,3,16,17,9,551.483
"208",2002,189,3,2,2,1,118.383
"209",2002,190,3,4,4,3,237.2
"210",2002,193,3,2,2,2,375.884
"211",2002,197,3,2,2,2,244.812
"212",2002,199,3,4,4,2,361.634
"213",2002,2,3,1,1,1,105.417
"214",2002,20,3,1,1,1,159.75
"215",2002,201,3,4,4,3,533.733
"216",2002,202,3,16,17,12,535.136
"217",2002,205,3,1,1,1,90.683
"218",2002,206,3,8,9,6,477.633
"219",2002,208,3,8,8,6,697.418
"220",2002,210,3,8,8,6,370.501
"221",2002,211,3,2,4,1,62.767
"222",2002,213,3,8,9,5,260.705
"223",2002,22,3,8,10,4,79.134
"224",2002,220,3,16,17,9,237.749
"225",2002,223,3,4,4,3,92.05
"226",2002,224,3,2,2,2,152.7
"227",2002,225,3,4,4,2,223.633
"228",2002,227,3,16,17,11,401.872
"229",2002,229,3,4,4,4,157.875
"230",2002,230,3,1,1,1,196.533
"231",2002,232,3,8,10,5,367.167
"232",2002,233,3,4,4,3,301.167
"233",2002,234,3,2,2,2,148.734
"234",2002,235,3,16,17,11,478.551
"235",2002,236,3,2,2,2,251.267
"236",2002,237,3,1,1,1,14.833
"237",2002,239,3,16,17,11,378.951
"238",2002,24,3,4,4,3,87.735
"239",2002,242,3,16,17,10,275.633
"240",2002,253,3,16,17,13,319.475
"241",2002,256,3,1,1,1,8.75
"242",2002,257,3,16,17,13,473.197
"243",2002,259,3,2,2,2,212.867
"244",2002,26,3,4,4,3,254.183
"245",2002,265,3,1,1,1,83.667
"246",2002,266,3,8,9,5,165
"247",2002,267,3,1,1,1,151.983
"248",2002,268,3,1,1,1,71.483
"249",2002,27,3,16,17,12,331.331
"250",2002,273,3,16,17,11,542.784
"251",2002,278,3,2,2,2,122.516
"252",2002,28,3,4,4,2,119.8
"253",2002,280,3,1,1,1,128.55
"254",2002,282,3,1,1,1,117.45
"255",2002,283,3,8,8,6,115.4
"256",2002,286,3,4,4,4,219.467
"257",2002,287,3,4,5,2,125.306
"258",2002,29,3,1,1,1,135.483
"259",2002,290,3,1,2,1,28.2
"260",2002,291,3,1,1,1,107.217
"261",2002,292,3,8,9,7,294.954
"262",2002,293,3,8,8,6,361.933
"263",2002,299,3,16,17,9,267.652
"264",2002,3,3,4,5,4,143.25
"265",2002,30,3,16,17,10,251.783
"266",2002,300,3,2,2,2,260.267
"267",2002,301,3,16,17,12,321.4
"268",2002,302,3,4,5,3,190.667
"269",2002,303,3,8,10,6,158.051
"270",2002,304,3,2,2,2,60.483
"271",2002,307,3,8,9,6,479.55
"272",2002,308,3,1,1,1,9.633
"273",2002,31,3,1,1,1,72.233
"274",2002,311,3,2,2,2,400.15
"275",2002,313,3,8,9,4,193.733
"276",2002,318,3,16,17,10,435.899
"277",2002,32,3,2,2,1,84.017
"278",2002,322,3,2,2,1,60.383
"279",2002,324,3,2,2,2,14.6
"280",2002,325,3,4,5,4,173.084
"281",2002,328,3,16,17,8,501.067
"282",2002,329,3,16,17,10,350.535
"283",2002,33,3,4,5,2,58.8
"284",2002,330,3,2,2,2,140.183
"285",2002,331,3,16,17,11,339.467
"286",2002,333,3,1,1,1,0.812
"287",2002,334,3,2,2,1,89.783
"288",2002,335,3,2,3,1,20.083
"289",2002,336,3,16,17,11,367.016
"290",2002,338,3,1,2,1,19
"291",2002,339,3,16,17,13,358.4
"292",2002,34,3,16,17,10,307.449
"293",2002,342,3,2,3,2,341.2
"294",2002,35,3,16,17,10,123.767
"295",2002,44,3,4,5,2,61
"296",2002,45,3,4,4,3,110.866
"297",2002,46,3,16,17,12,257.507
"298",2002,48,3,2,2,2,219.517
"299",2002,5,3,1,1,1,109.4
"300",2002,50,3,8,9,6,166.397
"301",2002,53,3,4,4,3,118.567
"302",2002,56,3,2,2,2,262.233
"303",2002,57,3,8,10,6,239.083
"304",2002,58,3,4,5,4,108.655
"305",2002,6,3,2,2,2,36.55
"306",2002,62,3,4,5,2,73.117
"307",2002,67,3,8,10,4,314.466
"308",2002,68,3,16,17,10,656.818
"309",2002,69,3,1,1,1,34.4
"310",2002,70,3,4,4,4,201.6
"311",2002,73,3,2,3,1,26.3
"312",2002,74,3,8,9,3,82.333
"313",2002,75,3,2,2,2,162.067
"314",2002,81,3,8,8,6,207.667
"315",2002,82,3,16,17,10,239.834
"316",2002,83,3,1,1,1,74.433
"317",2002,87,3,1,1,1,95.25
"318",2002,89,3,16,16,9,280.545
"319",2002,9,3,16,17,11,471.299
"320",2002,92,3,1,1,1,139.133
"321",2002,93,3,4,4,3,99.484
"322",2002,94,3,1,1,1,94.1
"323",2002,98,3,8,8,6,384.159
"324",2003,104,3,8,8,7,258.618
"325",2003,107,3,16,17,9,150.966
"326",2003,108,3,16,17,10,365.05
"327",2003,109,3,1,1,1,37.183
"328",2003,11,3,1,1,1,27.283
"329",2003,110,3,4,4,4,220.784
"330",2003,111,3,8,10,5,109.867
"331",2003,115,3,8,9,3,52.317
"332",2003,117,3,2,2,2,329.183
"333",2003,118,3,8,9,6,81.25
"334",2003,12,3,8,10,7,253.749
"335",2003,125,3,2,2,2,214.967
"336",2003,127,3,2,2,1,31.017
"337",2003,129,3,1,1,1,210.383
"338",2003,130,3,8,8,5,324.25
"339",2003,133,3,4,6,2,119.6
"340",2003,135,3,1,1,1,68.183
"341",2003,136,3,16,17,12,325.341
"342",2003,137,3,1,1,1,543.2
"343",2003,138,3,4,4,4,208.416
"344",2003,139,3,4,4,3,201.667
"345",2003,14,3,2,2,2,200.467
"346",2003,142,3,1,1,1,115.733
"347",2003,146,3,8,9,4,143.166
"348",2003,149,3,4,6,2,95.367
"349",2003,15,3,8,10,4,84.367
"350",2003,153,3,1,1,1,3.217
"351",2003,156,3,16,17,8,102.117
"352",2003,157,3,2,2,1,46.6
"353",2003,16,3,1,1,1,32.117
"354",2003,160,3,16,17,10,130.451
"355",2003,163,3,1,1,1,78.183
"356",2003,164,3,16,17,9,145.667
"357",2003,165,3,2,2,2,126.234
"358",2003,167,3,1,1,1,140.45
"359",2003,168,3,2,2,2,144.583
"360",2003,169,3,16,17,8,436.7
"361",2003,170,3,8,10,6,132.549
"362",2003,171,3,2,2,2,122.55
"363",2003,174,3,16,17,10,297.5
"364",2003,175,3,2,2,2,212.1
"365",2003,176,3,4,4,3,105.933
"366",2003,177,3,8,9,5,112.799
"367",2003,178,3,8,9,6,157.416
"368",2003,185,3,1,1,1,78.9
"369",2003,186,3,16,17,8,416.95
"370",2003,189,3,2,2,1,65.217
"371",2003,190,3,4,4,3,198.484
"372",2003,193,3,2,2,2,347.716
"373",2003,197,3,2,2,2,133.367
"374",2003,199,3,4,4,2,247.35
"375",2003,2,3,1,1,1,15.933
"376",2003,20,3,1,1,1,152.583
"377",2003,201,3,4,4,3,1008.616
"378",2003,202,3,16,17,10,594.366
"379",2003,205,3,1,1,1,117.9
"380",2003,206,3,8,9,7,461.751
"381",2003,208,3,8,8,7,474.567
"382",2003,210,3,8,8,6,461.034
"383",2003,211,3,2,4,1,20.017
"384",2003,213,3,8,9,5,148.917
"385",2003,22,3,8,10,3,88.867
"386",2003,220,3,16,17,10,299.05
"387",2003,223,3,4,4,2,84.7
"388",2003,224,3,2,2,2,104.167
"389",2003,225,3,4,4,2,143.466
"390",2003,227,3,16,17,11,372.601
"391",2003,229,3,4,4,3,141.317
"392",2003,230,3,1,1,1,93.983
"393",2003,232,3,8,10,5,228.001
"394",2003,233,3,4,4,3,158.233
"395",2003,234,3,2,2,2,274.867
"396",2003,235,3,16,17,9,586.351
"397",2003,236,3,2,2,2,253.533
"398",2003,237,3,1,1,1,29.7
"399",2003,239,3,16,17,9,555.916
"400",2003,24,3,4,4,3,58.8
"401",2003,242,3,16,17,10,391.235
"402",2003,253,3,16,17,10,289.319
"403",2003,256,3,1,1,1,2.167
"404",2003,257,3,16,17,11,503.382
"405",2003,259,3,2,2,2,304
"406",2003,26,3,4,4,3,147.733
"407",2003,265,3,1,1,1,171.717
"408",2003,266,3,8,9,5,82.067
"409",2003,267,3,1,1,1,182.967
"410",2003,268,3,1,1,1,118.35
"411",2003,27,3,16,17,12,306.532
"412",2003,273,3,16,17,10,554.751
"413",2003,278,3,2,2,2,27.23
"414",2003,28,3,4,4,2,75.75
"415",2003,280,3,1,1,1,43.317
"416",2003,282,3,1,1,1,49.8
"417",2003,283,3,8,8,6,136.733
"418",2003,286,3,4,4,4,98.232
"419",2003,287,3,4,5,3,54.65
"420",2003,29,3,1,1,1,191.75
"421",2003,290,3,1,2,1,12.25
"422",2003,291,3,1,1,1,113.333
"423",2003,292,3,8,9,6,313.1
"424",2003,293,3,8,8,6,276.899
"425",2003,299,3,16,17,10,350.583
"426",2003,3,3,4,5,4,50.917
"427",2003,30,3,16,17,10,299.401
"428",2003,300,3,2,2,2,236.167
"429",2003,301,3,16,17,13,315.367
"430",2003,302,3,4,5,3,217.783
"431",2003,303,3,8,10,5,185.017
"432",2003,304,3,2,2,2,87.067
"433",2003,307,3,8,9,6,352.016
"434",2003,308,3,1,1,1,28.15
"435",2003,31,3,1,1,1,68.917
"436",2003,311,3,2,2,2,156.067
"437",2003,313,3,8,9,5,283.501
"438",2003,318,3,16,17,11,392.551
"439",2003,32,3,2,2,1,28.433
"440",2003,322,3,2,2,1,53.767
"441",2003,324,3,2,2,2,28.933
"442",2003,325,3,4,5,4,230.95
"443",2003,328,3,16,17,12,512.084
"444",2003,329,3,16,17,10,266.384
"445",2003,33,3,4,5,2,48.234
"446",2003,330,3,2,2,2,93.217
"447",2003,331,3,16,17,10,278.766
"448",2003,333,3,1,1,1,1.883
"449",2003,334,3,2,2,1,44.483
"450",2003,335,3,2,3,1,63.017
"451",2003,336,3,16,17,10,418.816
"452",2003,338,3,1,2,1,4.783
"453",2003,339,3,16,17,13,300.049
"454",2003,34,3,16,17,9,238.868
"455",2003,342,3,2,3,2,283.666
"456",2003,35,3,16,17,10,256.202
"457",2003,44,3,4,5,2,40.434
"458",2003,45,3,4,4,3,156.15
"459",2003,46,3,16,17,12,221.333
"460",2003,48,3,2,2,2,292.767
"461",2003,5,3,1,1,1,72
"462",2003,50,3,8,9,6,121.283
"463",2003,53,3,4,4,3,105.7
"464",2003,56,3,2,2,2,505.784
"465",2003,57,3,8,10,6,237.133
"466",2003,58,3,4,5,4,106.117
"467",2003,6,3,2,2,2,23.55
"468",2003,62,3,4,5,2,71.05
"469",2003,67,3,8,10,4,354.7
"470",2003,68,3,16,17,10,372.033
"471",2003,69,3,1,1,1,42.933
"472",2003,70,3,4,4,4,447.383
"473",2003,73,3,2,3,1,26.683
"474",2003,74,3,8,9,4,75.8
"475",2003,75,3,2,2,2,83.217
"476",2003,81,3,8,8,5,247.601
"477",2003,82,3,16,17,9,374.418
"478",2003,83,3,1,1,1,84.917
"479",2003,87,3,1,1,1,51.667
"480",2003,89,3,16,16,11,398.983
"481",2003,9,3,16,17,12,281.317
"482",2003,92,3,1,1,1,115
"483",2003,93,3,4,4,4,179.733
"484",2003,94,3,1,1,1,196.45
"485",2003,98,3,8,8,5,362.533
"486",2004,104,3,8,8,6,256.192
"487",2004,107,3,16,17,9,155.617
"488",2004,108,3,16,17,10,262.633
"489",2004,109,3,1,1,1,64.407
"490",2004,11,3,1,1,1,65.135
"491",2004,110,3,4,4,4,225.05
"492",2004,111,3,8,10,4,62.532
"493",2004,115,3,8,9,3,62.599
"494",2004,117,3,2,2,2,260.117
"495",2004,118,3,8,9,4,51.251
"496",2004,12,3,8,10,7,286.8
"497",2004,125,3,2,2,2,108.8
"498",2004,127,3,2,2,1,24.917
"499",2004,129,3,1,1,1,125.527
"500",2004,130,3,8,8,5,176.533
"501",2004,133,3,4,6,3,162.983
"502",2004,135,3,1,1,1,51.05
"503",2004,136,3,16,17,12,391.351
"504",2004,137,3,1,1,1,156.333
"505",2004,138,3,4,4,3,173.267
"506",2004,139,3,4,4,2,434.55
"507",2004,14,3,2,2,2,152.333
"508",2004,142,3,1,1,1,134.3
"509",2004,146,3,8,9,5,64.233
"510",2004,149,3,4,6,2,44.884
"511",2004,15,3,8,10,3,80.384
"512",2004,153,3,1,1,1,9.283
"513",2004,156,3,16,17,10,126.601
"514",2004,157,3,2,2,1,74.742
"515",2004,16,3,1,1,1,7.122
"516",2004,160,3,16,17,10,301.29
"517",2004,163,3,1,1,1,74.217
"518",2004,164,3,16,17,8,124.05
"519",2004,165,3,2,2,1,74.338
"520",2004,167,3,1,1,1,112.583
"521",2004,168,3,2,2,2,60.516
"522",2004,169,3,16,17,10,421.201
"523",2004,170,3,8,10,4,73.134
"524",2004,171,3,2,2,2,276.817
"525",2004,174,3,16,17,10,252.667
"526",2004,175,3,2,2,2,330.367
"527",2004,176,3,4,4,3,218.116
"528",2004,177,3,8,9,6,120.866
"529",2004,178,3,8,9,6,149.166
"530",2004,185,3,1,1,1,39.15
"531",2004,186,3,16,17,9,360.181
"532",2004,189,3,2,2,1,47.783
"533",2004,190,3,4,4,3,131.283
"534",2004,193,3,2,2,2,337.833
"535",2004,197,3,2,2,2,129.834
"536",2004,199,3,4,4,2,381.05
"537",2004,2,3,1,1,1,36.683
"538",2004,20,3,1,1,1,84.283
"539",2004,201,3,4,4,3,192.35
"540",2004,202,3,16,17,10,385.606
"541",2004,205,3,1,1,1,109.95
"542",2004,206,3,8,9,7,186.3
"543",2004,208,3,8,8,7,371.434
"544",2004,210,3,8,8,7,272.249
"545",2004,211,3,2,4,1,11.133
"546",2004,213,3,8,9,7,112.467
"547",2004,22,3,8,10,4,90.517
"548",2004,220,3,16,17,9,214.766
"549",2004,223,3,4,4,3,215.21
"550",2004,224,3,2,2,2,53.583
"551",2004,225,3,4,4,2,163.517
"552",2004,227,3,16,17,10,405.4
"553",2004,229,3,4,4,4,146.317
"554",2004,230,3,1,1,1,78.333
"555",2004,232,3,8,10,5,316.667
"556",2004,233,3,4,4,3,232.766
"557",2004,234,3,2,2,2,272.683
"558",2004,235,3,16,17,10,335.031
"559",2004,236,3,2,2,2,196.483
"560",2004,237,3,1,1,1,27.4
"561",2004,239,3,16,17,12,312.201
"562",2004,24,3,4,4,3,46.434
"563",2004,242,3,16,17,10,353.85
"564",2004,253,3,16,17,12,340.533
"565",2004,256,3,1,1,1,5.617
"566",2004,257,3,16,17,11,244.299
"567",2004,259,3,2,2,2,256.2
"568",2004,26,3,4,4,2,87.017
"569",2004,265,3,1,1,1,213.317
"570",2004,266,3,8,9,5,60.167
"571",2004,267,3,1,1,1,204.583
"572",2004,268,3,1,1,1,88.753
"573",2004,27,3,16,17,13,370.251
"574",2004,273,3,16,17,11,425.033
"575",2004,278,3,2,2,1,60.017
"576",2004,28,3,4,4,2,128.452
"577",2004,280,3,1,1,1,66.755
"578",2004,282,3,1,1,1,42.583
"579",2004,283,3,8,8,6,44.1
"580",2004,286,3,4,4,4,145.267
"581",2004,287,3,4,5,3,37.061
"582",2004,29,3,1,1,1,135.783
"583",2004,290,3,1,2,1,106.683
"584",2004,291,3,1,1,1,65.167
"585",2004,292,3,8,9,6,326.299
"586",2004,293,3,8,8,6,400.116
"587",2004,299,3,16,17,9,419.4
"588",2004,3,3,4,5,2,314.655
"589",2004,30,3,16,17,9,305.034
"590",2004,300,3,2,2,2,379.733
"591",2004,301,3,16,17,11,200.401
"592",2004,302,3,4,5,3,275.999
"593",2004,303,3,8,10,5,344.966
"594",2004,304,3,2,2,2,73.6
"595",2004,307,3,8,9,4,273.049
"596",2004,308,3,1,1,1,47.1
"597",2004,31,3,1,1,1,37.117
"598",2004,311,3,2,2,2,113.016
"599",2004,313,3,8,9,5,263.15
"600",2004,318,3,16,17,10,334.099
"601",2004,32,3,2,2,1,315.233
"602",2004,322,3,2,2,1,66.55
"603",2004,324,3,2,2,1,15.45
"604",2004,325,3,4,5,4,104.2
"605",2004,328,3,16,17,10,375.668
"606",2004,329,3,16,17,9,283.367
"607",2004,33,3,4,5,2,50.62
"608",2004,330,3,2,2,2,87.433
"609",2004,331,3,16,17,11,389.632
"610",2004,334,3,2,2,1,30.833
"611",2004,335,3,2,3,1,51.067
"612",2004,336,3,16,17,11,259.783
"613",2004,338,3,1,2,1,30.85
"614",2004,339,3,16,17,9,203.283
"615",2004,34,3,16,17,10,235.533
"616",2004,342,3,2,3,2,375.35
"617",2004,35,3,16,17,10,187.601
"618",2004,44,3,4,5,2,71.34
"619",2004,45,3,4,4,3,56.552
"620",2004,46,3,16,17,12,318.868
"621",2004,48,3,2,2,2,175.733
"622",2004,5,3,1,1,1,12.935
"623",2004,50,3,8,9,5,107.733
"624",2004,53,3,4,4,3,95.2
"625",2004,56,3,2,2,2,272.834
"626",2004,57,3,8,10,4,109.299
"627",2004,58,3,4,5,3,37.209
"628",2004,6,3,2,2,2,36.916
"629",2004,62,3,4,5,2,55.35
"630",2004,67,3,8,10,4,230.13
"631",2004,68,3,16,17,11,406.166
"632",2004,69,3,1,1,1,46.383
"633",2004,70,3,4,4,4,192.767
"634",2004,73,3,2,3,1,72.608
"635",2004,74,3,8,9,4,67.816
"636",2004,75,3,2,2,2,60.404
"637",2004,81,3,8,8,5,90.483
"638",2004,82,3,16,17,11,356.899
"639",2004,83,3,1,1,1,150.893
"640",2004,87,3,1,1,1,34.088
"641",2004,89,3,16,16,11,319.115
"642",2004,9,3,16,17,12,308.051
"643",2004,92,3,1,1,1,91.252
"644",2004,93,3,4,4,3,187.55
"645",2004,94,3,1,1,1,143.55
"646",2004,98,3,8,8,5,275.618
"647",2005,104,3,8,8,6,197.567
"648",2005,107,3,16,17,10,193.832
"649",2005,108,3,16,17,11,327.76
"650",2005,109,3,1,1,1,38.167
"651",2005,11,3,1,1,1,48.133
"652",2005,110,3,4,4,4,131.484
"653",2005,111,3,8,10,3,131.017
"654",2005,115,3,8,9,4,43.317
"655",2005,117,3,2,2,2,87.134
"656",2005,118,3,8,9,5,94.117
"657",2005,12,3,8,10,7,210.216
"658",2005,125,3,2,2,2,117.45
"659",2005,127,3,2,2,1,37.05
"660",2005,129,3,1,1,1,62.417
"661",2005,130,3,8,8,5,177.017
"662",2005,133,3,4,6,3,105.833
"663",2005,135,3,1,1,1,49.683
"664",2005,136,3,16,17,10,267.016
"665",2005,137,3,1,1,1,298.6
"666",2005,138,3,4,4,4,136.6
"667",2005,139,3,4,4,2,68.533
"668",2005,14,3,2,2,2,57.833
"669",2005,142,3,1,1,1,45.75
"670",2005,146,3,8,9,4,208.234
"671",2005,149,3,4,6,1,25.317
"672",2005,15,3,8,10,4,57.132
"673",2005,153,3,1,1,1,11.683
"674",2005,156,3,16,17,10,170.02
"675",2005,157,3,2,2,1,57.7
"676",2005,16,3,1,1,1,14.833
"677",2005,160,3,16,17,10,103.949
"678",2005,163,3,1,1,1,54.017
"679",2005,164,3,16,17,10,216.884
"680",2005,165,3,2,2,2,92.704
"681",2005,167,3,1,1,1,83.05
"682",2005,168,3,2,2,2,70.833
"683",2005,169,3,16,17,10,283.501
"684",2005,170,3,8,10,6,99.983
"685",2005,171,3,2,2,1,80.1
"686",2005,174,3,16,17,10,223.514
"687",2005,175,3,2,2,2,153.584
"688",2005,176,3,4,4,3,197.084
"689",2005,177,3,8,9,6,131.443
"690",2005,178,3,8,9,6,177.069
"691",2005,185,3,1,1,1,40.1
"692",2005,186,3,16,17,10,426.466
"693",2005,189,3,2,2,1,22.283
"694",2005,190,3,4,4,3,55.583
"695",2005,193,3,2,2,2,574.1
"696",2005,197,3,2,2,2,150.184
"697",2005,199,3,4,4,2,205.05
"698",2005,2,3,1,1,1,82.3
"699",2005,20,3,1,1,1,98
"700",2005,201,3,4,4,3,331.634
"701",2005,202,3,16,17,12,538.584
"702",2005,205,3,1,1,1,77.7
"703",2005,206,3,8,9,7,409.226
"704",2005,208,3,8,8,6,257.565
"705",2005,210,3,8,8,8,252.323
"706",2005,211,3,2,4,1,16.317
"707",2005,213,3,8,9,5,148.133
"708",2005,22,3,8,10,3,66.883
"709",2005,220,3,16,17,10,247.179
"710",2005,223,3,4,4,3,115.066
"711",2005,224,3,2,2,2,51.767
"712",2005,225,3,4,4,2,106.85
"713",2005,227,3,16,17,11,349.212
"714",2005,229,3,4,4,4,125.083
"715",2005,230,3,1,1,1,148.433
"716",2005,232,3,8,10,6,210.233
"717",2005,233,3,4,4,3,181.3
"718",2005,234,3,2,2,2,115.067
"719",2005,235,3,16,17,10,378.599
"720",2005,236,3,2,2,2,264.283
"721",2005,237,3,1,1,1,25.267
"722",2005,239,3,16,17,10,437.517
"723",2005,24,3,4,4,2,52.233
"724",2005,242,3,16,17,10,270.516
"725",2005,253,3,16,17,12,400.4
"726",2005,256,3,1,1,1,13.95
"727",2005,257,3,16,17,10,322.483
"728",2005,259,3,2,2,2,357.1
"729",2005,26,3,4,4,2,97.616
"730",2005,265,3,1,1,1,105.933
"731",2005,266,3,8,9,5,84.249
"732",2005,267,3,1,1,1,387.017
"733",2005,268,3,1,1,1,81.617
"734",2005,27,3,16,17,13,224.418
"735",2005,273,3,16,17,12,603.683
"736",2005,278,3,2,2,1,46.633
"737",2005,28,3,4,4,2,91.9
"738",2005,280,3,1,1,1,46.7
"739",2005,282,3,1,1,1,32.55
"740",2005,283,3,8,8,5,59.483
"741",2005,286,3,4,4,4,120.05
"742",2005,287,3,4,5,2,18.383
"743",2005,29,3,1,1,1,106.017
"744",2005,290,3,1,2,1,16.9
"745",2005,291,3,1,1,1,32.4
"746",2005,292,3,8,9,6,525.077
"747",2005,293,3,8,8,6,316.483
"748",2005,299,3,16,17,11,305.404
"749",2005,3,3,4,5,3,56.967
"750",2005,30,3,16,17,11,257.55
"751",2005,300,3,2,2,2,187.934
"752",2005,301,3,16,17,12,357.408
"753",2005,302,3,4,5,3,201.883
"754",2005,303,3,8,10,5,188.199
"755",2005,304,3,2,2,2,41.233
"756",2005,307,3,8,9,6,182.483
"757",2005,308,3,1,1,1,12.117
"758",2005,31,3,1,1,1,43.25
"759",2005,311,3,2,2,2,124.65
"760",2005,313,3,8,9,5,300.916
"761",2005,318,3,16,17,10,321.935
"762",2005,32,3,2,2,1,72.5
"763",2005,322,3,2,2,1,39.25
"764",2005,324,3,2,2,2,12.85
"765",2005,325,3,4,5,4,154.217
"766",2005,328,3,16,17,12,397.542
"767",2005,329,3,16,17,11,246.232
"768",2005,33,3,4,5,2,21.517
"769",2005,330,3,2,2,2,63.884
"770",2005,331,3,16,17,9,491.3
"771",2005,333,3,1,1,1,2.3
"772",2005,334,3,2,2,1,7.417
"773",2005,335,3,2,3,1,38.633
"774",2005,336,3,16,17,11,432.133
"775",2005,338,3,1,2,1,26.533
"776",2005,339,3,16,17,12,430.999
"777",2005,34,3,16,17,11,178.149
"778",2005,342,3,2,3,2,279.467
"779",2005,35,3,16,17,10,231.783
"780",2005,44,3,4,5,2,35.917
"781",2005,45,3,4,4,3,144.517
"782",2005,46,3,16,17,10,386.119
"783",2005,48,3,2,2,2,83.9
"784",2005,5,3,1,1,1,60.733
"785",2005,50,3,8,9,6,107.35
"786",2005,53,3,4,4,3,76.95
"787",2005,56,3,2,2,2,133.817
"788",2005,57,3,8,10,6,156.151
"789",2005,58,3,4,5,4,46.95
"790",2005,6,3,2,2,2,35.533
"791",2005,62,3,4,5,2,55.434
"792",2005,67,3,8,10,4,175.444
"793",2005,68,3,16,17,11,396.937
"794",2005,69,3,1,1,1,8.25
"795",2005,70,3,4,4,4,278.417
"796",2005,73,3,2,3,1,25.25
"797",2005,74,3,8,9,4,77.533
"798",2005,75,3,2,2,1,77.45
"799",2005,81,3,8,8,6,82.343
"800",2005,82,3,16,17,8,177.715
"801",2005,83,3,1,1,1,32.633
"802",2005,87,3,1,1,1,47.783
"803",2005,89,3,16,16,8,353.318
"804",2005,9,3,16,17,11,359.334
"805",2005,92,3,1,1,1,128.283
"806",2005,93,3,4,4,3,122.167
"807",2005,94,3,1,1,1,71.133
"808",2005,98,3,8,8,5,462.733
"809",2006,104,3,8,8,6,148.866
"810",2006,107,3,16,17,7,155.134
"811",2006,108,3,16,17,11,339.999
"812",2006,109,3,1,1,1,21.217
"813",2006,11,3,1,1,1,27.202
"814",2006,110,3,4,4,4,187.884
"815",2006,111,3,8,10,4,60.951
"816",2006,115,3,8,9,4,63.82
"817",2006,117,3,2,2,2,108.05
"818",2006,118,3,8,9,4,95.867
"819",2006,12,3,8,10,7,306.566
"820",2006,125,3,2,2,2,109.683
"821",2006,127,3,2,2,1,55.283
"822",2006,129,3,1,1,1,108.767
"823",2006,130,3,8,8,5,95.55
"824",2006,133,3,4,6,2,88.967
"825",2006,135,3,1,1,1,28.517
"826",2006,136,3,16,17,9,185.168
"827",2006,137,3,1,1,1,173.93
"828",2006,138,3,4,4,4,116.166
"829",2006,139,3,4,4,4,149.984
"830",2006,14,3,2,2,2,65.2
"831",2006,142,3,1,1,1,57.637
"832",2006,146,3,8,9,4,123.187
"833",2006,149,3,4,6,2,56.566
"834",2006,15,3,8,10,4,66.232
"835",2006,153,3,1,1,1,6.067
"836",2006,156,3,16,17,10,164.05
"837",2006,157,3,2,2,1,31.983
"838",2006,16,3,1,1,1,7.267
"839",2006,160,3,16,17,9,182.65
"840",2006,163,3,1,1,1,57.017
"841",2006,164,3,16,17,9,181.766
"842",2006,165,3,2,2,2,71.105
"843",2006,167,3,1,1,1,59.317
"844",2006,168,3,2,2,2,76.25
"845",2006,169,3,16,17,9,275.983
"846",2006,170,3,8,10,4,52.067
"847",2006,171,3,2,2,1,149.783
"848",2006,174,3,16,17,9,194.652
"849",2006,175,3,2,2,2,166.7
"850",2006,176,3,4,4,3,129.416
"851",2006,177,3,8,9,6,120.633
"852",2006,178,3,8,9,6,183.433
"853",2006,185,3,1,1,1,63.7
"854",2006,186,3,16,17,10,330.382
"855",2006,189,3,2,2,1,63.75
"856",2006,190,3,4,4,3,41.433
"857",2006,193,3,2,2,2,311.7
"858",2006,197,3,2,2,1,143.4
"859",2006,199,3,4,4,2,160.633
"860",2006,2,3,1,1,1,169.867
"861",2006,20,3,1,1,1,35.3
"862",2006,201,3,4,4,3,164.683
"863",2006,202,3,16,17,10,340.067
"864",2006,205,3,1,1,1,83.338
"865",2006,206,3,8,9,7,243.484
"866",2006,208,3,8,8,6,198.85
"867",2006,210,3,8,8,8,177.666
"868",2006,211,3,2,4,1,23.867
"869",2006,213,3,8,9,4,69.734
"870",2006,22,3,8,10,3,62.4
"871",2006,220,3,16,17,8,196.717
"872",2006,223,3,4,4,2,90.2
"873",2006,225,3,4,4,2,72.285
"874",2006,227,3,16,17,9,199.049
"875",2006,229,3,4,4,4,54.4
"876",2006,230,3,1,1,1,60.582
"877",2006,232,3,8,10,4,153.466
"878",2006,233,3,4,4,3,104.017
"879",2006,234,3,2,2,2,103.633
"880",2006,235,3,16,17,10,254.668
"881",2006,236,3,2,2,2,245.8
"882",2006,237,3,1,1,1,4.567
"883",2006,239,3,16,17,11,323.588
"884",2006,24,3,4,4,2,52.35
"885",2006,242,3,16,17,10,291.268
"886",2006,253,3,16,17,10,292.142
"887",2006,256,3,1,1,1,3.7
"888",2006,257,3,16,17,11,302.334
"889",2006,259,3,2,2,2,211.083
"890",2006,26,3,4,4,2,89.716
"891",2006,265,3,1,1,1,172.433
"892",2006,266,3,8,9,4,78.867
"893",2006,267,3,1,1,1,160
"894",2006,268,3,1,1,1,74.998
"895",2006,27,3,16,17,12,269.217
"896",2006,273,3,16,17,11,502.334
"897",2006,278,3,2,2,1,56.717
"898",2006,28,3,4,4,2,55.361
"899",2006,280,3,1,1,1,40.16
"900",2006,282,3,1,1,1,13.317
"901",2006,283,3,8,8,4,97.883
"902",2006,286,3,4,4,4,129.934
"903",2006,287,3,4,5,2,29.65
"904",2006,29,3,1,1,1,36.767
"905",2006,290,3,1,2,1,13.483
"906",2006,291,3,1,1,1,52.85
"907",2006,292,3,8,9,5,365.899
"908",2006,293,3,8,8,6,239.894
"909",2006,299,3,16,17,10,270.667
"910",2006,3,3,4,5,3,86.954
"911",2006,30,3,16,17,9,214.182
"912",2006,300,3,2,2,2,234.033
"913",2006,301,3,16,17,11,240
"914",2006,302,3,4,5,3,146.101
"915",2006,303,3,8,10,6,185.25
"916",2006,304,3,2,2,2,57.95
"917",2006,307,3,8,9,5,186.567
"918",2006,308,3,1,1,1,16.35
"919",2006,31,3,1,1,1,12.645
"920",2006,311,3,2,2,2,123.967
"921",2006,313,3,8,9,5,156.684
"922",2006,318,3,16,17,8,120.788
"923",2006,32,3,2,2,1,17.433
"924",2006,322,3,2,2,1,41.383
"925",2006,324,3,2,2,2,4.25
"926",2006,325,3,4,5,4,94.067
"927",2006,328,3,16,17,13,266.933
"928",2006,329,3,16,17,10,222.772
"929",2006,33,3,4,5,2,47.966
"930",2006,330,3,2,2,2,89.315
"931",2006,331,3,16,17,12,221.849
"932",2006,333,3,1,1,1,0.35
"933",2006,334,3,2,2,1,49.067
"934",2006,335,3,2,3,1,66.05
"935",2006,336,3,16,17,10,182.134
"936",2006,338,3,1,2,1,17.2
"937",2006,339,3,16,17,12,295.95
"938",2006,34,3,16,17,10,156.284
"939",2006,342,3,2,3,2,299
"940",2006,35,3,16,17,10,137.984
"941",2006,44,3,4,5,2,64.312
"942",2006,45,3,4,4,3,64.7
"943",2006,46,3,16,17,10,188.034
"944",2006,48,3,2,2,2,93.2
"945",2006,5,3,1,1,1,65.517
"946",2006,50,3,8,9,6,72.083
"947",2006,53,3,4,4,3,62.065
"948",2006,56,3,2,2,2,150.084
"949",2006,57,3,8,10,6,134.867
"950",2006,58,3,4,5,4,69.884
"951",2006,6,3,2,2,2,57.1
"952",2006,62,3,4,5,2,42.417
"953",2006,67,3,8,10,3,263.484
"954",2006,68,3,16,17,9,225.249
"955",2006,69,3,1,1,1,4.9
"956",2006,70,3,4,4,4,307.749
"957",2006,73,3,2,3,1,13.1
"958",2006,74,3,8,9,3,43.951
"959",2006,75,3,2,2,1,51.633
"960",2006,81,3,8,8,5,146.817
"961",2006,82,3,16,17,12,264.749
"962",2006,83,3,1,1,1,44.8
"963",2006,87,3,1,1,1,60.332
"964",2006,89,3,16,16,10,294.717
"965",2006,9,3,16,17,10,310.751
"966",2006,92,3,1,1,1,78.833
"967",2006,93,3,4,4,3,86.666
"968",2006,94,3,1,1,1,125.75
"969",2006,98,3,8,8,5,258.45
"970",2007,104,2,8,8,6,135.33
"971",2007,107,2,16,17,8,191.67
"972",2007,108,2,16,17,10,226.475
"973",2007,109,2,1,1,1,50.585
"974",2007,11,2,1,1,1,7.52
"975",2007,110,2,4,4,3,168.5
"976",2007,111,2,8,10,4,102.22
"977",2007,115,2,8,9,3,30.11
"978",2007,117,2,2,2,2,240.68
"979",2007,118,2,8,9,5,109.02
"980",2007,12,2,8,10,7,159.11
"981",2007,125,2,2,2,2,188.595
"982",2007,127,2,2,2,1,321.02
"983",2007,129,2,1,1,1,178.57
"984",2007,130,2,8,8,5,183.5
"985",2007,133,2,4,6,2,137.96
"986",2007,135,2,1,1,1,46.73
"987",2007,136,2,16,17,9,311.51
"988",2007,137,2,1,1,1,147.935
"989",2007,138,2,4,4,3,241.185
"990",2007,139,2,4,4,3,158.2
"991",2007,14,2,2,2,1,232.92
"992",2007,142,2,1,1,1,36.97
"993",2007,146,2,8,9,4,106.57
"994",2007,149,2,4,6,2,39.3
"995",2007,15,2,8,10,3,28.08
"996",2007,156,2,16,17,10,147.16
"997",2007,157,2,2,2,1,37.4
"998",2007,16,2,1,1,1,6.72
"999",2007,160,2,16,17,10,133.46
"1000",2007,163,2,1,1,1,90.05
"1001",2007,164,2,16,17,11,209.6
"1002",2007,165,2,2,2,1,90.5
"1003",2007,167,2,1,1,1,138.1
"1004",2007,168,2,2,2,2,92.93
"1005",2007,169,2,16,17,10,220.14
"1006",2007,170,2,8,10,5,53.9
"1007",2007,171,2,2,2,2,66.84
"1008",2007,174,2,16,17,9,157.43
"1009",2007,175,2,2,2,2,148
"1010",2007,176,2,4,4,3,195.825
"1011",2007,177,2,8,9,6,92.93
"1012",2007,178,2,8,9,5,138.93
"1013",2007,185,2,1,1,1,23.18
"1014",2007,186,2,16,17,11,401.85
"1015",2007,189,2,2,2,1,70.08
"1016",2007,190,2,4,4,3,172
"1017",2007,193,2,2,2,2,463.91
"1018",2007,197,2,2,2,2,101.97
"1019",2007,199,2,4,4,2,242.78
"1020",2007,2,2,1,1,1,120.47
"1021",2007,20,2,1,1,1,77.52
"1022",2007,201,2,4,4,3,158.13
"1023",2007,202,2,16,17,10,273.005
"1024",2007,205,2,1,1,1,41.67
"1025",2007,206,2,8,9,5,292.3
"1026",2007,208,2,8,8,5,304.49
"1027",2007,210,2,8,8,7,375.67
"1028",2007,211,2,2,4,1,9.83
"1029",2007,213,2,8,9,6,136.94
"1030",2007,22,2,8,10,3,50.28
"1031",2007,220,2,16,17,10,301.645
"1032",2007,223,2,4,4,2,43.73
"1033",2007,224,2,2,2,2,164.25
"1034",2007,225,2,4,4,2,168.73
"1035",2007,227,2,16,17,10,321.37
"1036",2007,229,2,4,4,4,62.255
"1037",2007,230,2,1,1,1,59.685
"1038",2007,232,2,8,10,5,256.99
"1039",2007,233,2,4,4,3,106.05
"1040",2007,234,2,2,2,2,190.98
"1041",2007,235,2,16,17,10,291.59
"1042",2007,236,2,2,2,2,337.34
"1043",2007,237,2,1,1,1,1.68
"1044",2007,239,2,16,17,10,352.56
"1045",2007,24,2,4,4,2,46.72
"1046",2007,242,2,16,17,10,345.88
"1047",2007,253,2,16,17,11,242.205
"1048",2007,256,2,1,1,1,1.08
"1049",2007,257,2,16,17,11,497.28
"1050",2007,259,2,2,2,2,279.36
"1051",2007,26,2,4,4,2,52.3
"1052",2007,265,2,1,1,1,127.97
"1053",2007,266,2,8,9,4,193.22
"1054",2007,267,2,1,1,1,147.1
"1055",2007,268,2,1,1,1,36.715
"1056",2007,27,2,16,17,11,144.47
"1057",2007,273,2,16,17,10,421.58
"1058",2007,278,2,2,2,1,49.73
"1059",2007,28,2,4,4,2,48.35
"1060",2007,280,2,1,1,1,32.43
"1061",2007,282,2,1,1,1,11.07
"1062",2007,283,2,8,8,5,91.02
"1063",2007,286,2,4,4,4,161.025
"1064",2007,287,2,4,5,3,44.43
"1065",2007,29,2,1,1,1,97.285
"1066",2007,290,2,1,2,1,42.08
"1067",2007,291,2,1,1,1,26.42
"1068",2007,292,2,8,9,4,248.15
"1069",2007,293,2,8,8,6,193.53
"1070",2007,299,2,16,17,10,190.385
"1071",2007,3,2,4,5,3,248.08
"1072",2007,30,2,16,17,9,122.72
"1073",2007,300,2,2,2,2,145.58
"1074",2007,301,2,16,17,11,257.48
"1075",2007,302,2,4,5,3,105.7
"1076",2007,303,2,8,10,5,136.77
"1077",2007,304,2,2,2,1,26.33
"1078",2007,307,2,8,9,6,137.27
"1079",2007,308,2,1,1,1,34.83
"1080",2007,31,2,1,1,1,18.62
"1081",2007,311,2,2,2,2,124.95
"1082",2007,313,2,8,9,5,74.17
"1083",2007,318,2,16,17,9,227.69
"1084",2007,32,2,2,2,1,74.62
"1085",2007,322,2,2,2,1,58.3
"1086",2007,324,2,2,2,2,7.7
"1087",2007,325,2,4,5,4,64.75
"1088",2007,328,2,16,17,11,264.32
"1089",2007,329,2,16,17,10,307.68
"1090",2007,33,2,4,5,2,72.05
"1091",2007,330,2,2,2,2,156.42
"1092",2007,331,2,16,17,10,335.16
"1093",2007,333,2,1,1,1,1.08
"1094",2007,334,2,2,2,1,80.85
"1095",2007,335,2,2,3,1,27.32
"1096",2007,336,2,16,17,10,219.58
"1097",2007,338,2,1,2,1,66.865
"1098",2007,339,2,16,17,10,162.46
"1099",2007,34,2,16,17,9,164.4
"1100",2007,342,2,2,3,2,90.27
"1101",2007,35,2,16,17,9,175.44
"1102",2007,44,2,4,5,2,35.45
"1103",2007,45,2,4,4,3,88.23
"1104",2007,46,2,16,17,8,145.83
"1105",2007,48,2,2,2,2,110.35
"1106",2007,5,2,1,1,1,47.5
"1107",2007,50,2,8,9,5,113.92
"1108",2007,53,2,4,4,3,203.65
"1109",2007,56,2,2,2,2,242.58
"1110",2007,57,2,8,10,6,220.02
"1111",2007,58,2,4,5,4,27.49
"1112",2007,6,2,2,2,2,31.4
"1113",2007,62,2,4,5,1,46.47
"1114",2007,67,2,8,10,3,270.38
"1115",2007,68,2,16,17,11,320.02
"1116",2007,69,2,1,1,1,3.25
"1117",2007,70,2,4,4,4,191.27
"1118",2007,73,2,2,3,1,5.05
"1119",2007,74,2,8,9,3,56.92
"1120",2007,75,2,2,2,2,48.81
"1121",2007,81,2,8,8,6,145.78
"1122",2007,82,2,16,17,9,260.575
"1123",2007,83,2,1,1,1,61.635
"1124",2007,87,2,1,1,1,31.17
"1125",2007,89,2,16,16,10,174.39
"1126",2007,9,2,16,17,10,136.1
"1127",2007,92,2,1,1,1,71.42
"1128",2007,93,2,4,4,3,62.18
"1129",2007,94,2,1,1,1,69.37
"1130",2007,98,2,8,8,5,315.52
"1131",2008,104,1,8,8,5,294.68
"1132",2008,107,1,16,17,10,263.93
"1133",2008,108,1,16,17,11,300.55
"1134",2008,109,1,1,1,1,38.98
"1135",2008,11,1,1,1,1,27.95
"1136",2008,110,1,4,4,3,183.1
"1137",2008,111,1,8,10,3,80.84
"1138",2008,115,1,8,9,3,66.57
"1139",2008,117,1,2,2,2,193.3
"1140",2008,118,1,8,9,4,138.72
"1141",2008,12,1,8,10,7,165.26
"1142",2008,125,1,2,2,2,281.06
"1143",2008,129,1,1,1,1,157.08
"1144",2008,130,1,8,8,5,341.89
"1145",2008,133,1,4,6,2,101.54
"1146",2008,135,1,1,1,1,95.22
"1147",2008,136,1,16,17,10,318.42
"1148",2008,137,1,1,1,1,258.67
"1149",2008,138,1,4,4,4,58.8
"1150",2008,139,1,4,4,2,309.48
"1151",2008,14,1,2,2,1,138.02
"1152",2008,142,1,1,1,1,72.63
"1153",2008,146,1,8,9,5,257.76
"1154",2008,149,1,4,6,1,35.6
"1155",2008,15,1,8,10,3,103.4
"1156",2008,156,1,16,17,8,237.53
"1157",2008,157,1,2,2,1,30.33
"1158",2008,16,1,1,1,1,8.37
"1159",2008,160,1,16,17,10,147.1
"1160",2008,163,1,1,1,1,47.1
"1161",2008,164,1,16,17,8,232
"1162",2008,165,1,2,2,2,84.56
"1163",2008,167,1,1,1,1,77.28
"1164",2008,168,1,2,2,2,87.76
"1165",2008,169,1,16,17,10,289.94
"1166",2008,170,1,8,10,5,116.08
"1167",2008,171,1,2,2,2,134.79
"1168",2008,174,1,16,17,9,188.37
"1169",2008,175,1,2,2,2,214.89
"1170",2008,176,1,4,4,3,135.6
"1171",2008,177,1,8,9,6,138.03
"1172",2008,178,1,8,9,6,190.75
"1173",2008,185,1,1,1,1,126.9
"1174",2008,186,1,16,17,8,310.11
"1175",2008,190,1,4,4,3,63.25
"1176",2008,193,1,2,2,2,239.89
"1177",2008,197,1,2,2,2,43.89
"1178",2008,199,1,4,4,2,259.3
"1179",2008,2,1,1,1,1,168.85
"1180",2008,20,1,1,1,1,142.45
"1181",2008,201,1,4,4,3,304.84
"1182",2008,202,1,16,17,10,560.99
"1183",2008,205,1,1,1,1,146.23
"1184",2008,206,1,8,9,7,430.89
"1185",2008,208,1,8,8,5,259.7
"1186",2008,210,1,8,8,5,252.29
"1187",2008,211,1,2,4,1,5.13
"1188",2008,213,1,8,9,5,100.34
"1189",2008,22,1,8,10,3,74.37
"1190",2008,220,1,16,17,10,455.25
"1191",2008,223,1,4,4,3,127.05
"1192",2008,224,1,2,2,2,91.75
"1193",2008,225,1,4,4,2,240.43
"1194",2008,227,1,16,17,9,312.85
"1195",2008,229,1,4,4,4,148.95
"1196",2008,230,1,1,1,1,71.28
"1197",2008,232,1,8,10,4,279.08
"1198",2008,233,1,4,4,3,194.06
"1199",2008,234,1,2,2,2,168.72
"1200",2008,235,1,16,17,10,422.76
"1201",2008,236,1,2,2,2,221.38
"1202",2008,237,1,1,1,1,4.6
"1203",2008,239,1,16,17,11,295.5
"1204",2008,24,1,4,4,3,47.19
"1205",2008,242,1,16,17,9,272.99
"1206",2008,253,1,16,17,11,337.67
"1207",2008,257,1,16,17,12,253.86
"1208",2008,259,1,2,2,2,348.24
"1209",2008,26,1,4,4,2,152.96
"1210",2008,265,1,1,1,1,123.64
"1211",2008,266,1,8,9,5,107.59
"1212",2008,267,1,1,1,1,151.64
"1213",2008,268,1,1,1,1,78.15
"1214",2008,27,1,16,17,12,222.35
"1215",2008,273,1,16,17,12,648.54
"1216",2008,278,1,2,2,1,45.98
"1217",2008,28,1,4,4,2,103.59
"1218",2008,280,1,1,1,1,32.84
"1219",2008,282,1,1,1,1,66.37
"1220",2008,283,1,8,8,5,81.19
"1221",2008,286,1,4,4,4,142.96
"1222",2008,287,1,4,5,3,57.84
"1223",2008,29,1,1,1,1,115.15
"1224",2008,290,1,1,2,1,5.43
"1225",2008,291,1,1,1,1,45.7
"1226",2008,292,1,8,9,6,274.28
"1227",2008,293,1,8,8,6,212.97
"1228",2008,299,1,16,17,10,394.43
"1229",2008,3,1,4,5,3,37.68
"1230",2008,30,1,16,17,9,302.95
"1231",2008,300,1,2,2,2,294.7
"1232",2008,301,1,16,17,11,209.31
"1233",2008,302,1,4,5,3,144.44
"1234",2008,303,1,8,10,4,397.08
"1235",2008,304,1,2,2,1,59.55
"1236",2008,307,1,8,9,5,192.91
"1237",2008,308,1,1,1,1,9.25
"1238",2008,31,1,1,1,1,57.22
"1239",2008,311,1,2,2,2,68.17
"1240",2008,313,1,8,9,6,161.99
"1241",2008,318,1,16,17,9,334.82
"1242",2008,324,1,2,2,1,11.07
"1243",2008,325,1,4,5,3,182.77
"1244",2008,328,1,16,17,12,242
"1245",2008,329,1,16,17,9,287.84
"1246",2008,33,1,4,5,2,46.3
"1247",2008,330,1,2,2,2,114.05
"1248",2008,331,1,16,17,12,169.42
"1249",2008,334,1,2,2,1,133.78
"1250",2008,335,1,2,3,1,41.85
"1251",2008,336,1,16,17,11,404.71
"1252",2008,338,1,1,2,1,22.53
"1253",2008,339,1,16,17,11,315.39
"1254",2008,34,1,16,17,10,215.64
"1255",2008,342,1,2,3,2,126.33
"1256",2008,35,1,16,17,8,245.61
"1257",2008,44,1,4,5,2,105.17
"1258",2008,45,1,4,4,3,163.96
"1259",2008,46,1,16,17,10,383.72
"1260",2008,48,1,2,2,2,118.77
"1261",2008,5,1,1,1,1,43.65
"1262",2008,50,1,8,9,5,212.42
"1263",2008,53,1,4,4,3,84.19
"1264",2008,56,1,2,2,2,223.97
"1265",2008,57,1,8,10,3,168.64
"1266",2008,58,1,4,5,4,79.47
"1267",2008,6,1,2,2,2,83.36
"1268",2008,62,1,4,5,2,69.3
"1269",2008,67,1,8,10,3,128.81
"1270",2008,68,1,16,17,11,386.27
"1271",2008,69,1,1,1,1,19.5
"1272",2008,70,1,4,4,4,561.3
"1273",2008,74,1,8,9,3,51.3
"1274",2008,75,1,2,2,1,71.6
"1275",2008,81,1,8,8,6,183.09
"1276",2008,82,1,16,17,10,231.94
"1277",2008,83,1,1,1,1,197
"1278",2008,87,1,1,1,1,47.35
"1279",2008,89,1,16,16,9,412.48
"1280",2008,9,1,16,17,8,216.46
"1281",2008,92,1,1,1,1,66
"1282",2008,93,1,4,4,3,206.91
"1283",2008,94,1,1,1,1,43.67
"1284",2008,98,1,8,8,4,437.22
"1285",2010,104,1,8,8,6,229.69
"1286",2010,107,1,16,17,9,182
"1287",2010,108,1,16,17,10,357.54
"1288",2010,109,1,1,1,1,49.9
"1289",2010,11,1,1,1,1,27.13
"1290",2010,110,1,4,4,3,167.17
"1291",2010,111,1,8,10,3,58.64
"1292",2010,115,1,8,9,2,63.58
"1293",2010,117,1,2,2,2,68.3
"1294",2010,118,1,8,9,3,86.98
"1295",2010,12,1,8,10,7,135.38
"1296",2010,125,1,2,2,2,175.2
"1297",2010,129,1,1,1,1,97.1
"1298",2010,130,1,8,8,5,124.92
"1299",2010,133,1,4,6,2,83.78
"1300",2010,135,1,1,1,1,135.6
"1301",2010,136,1,16,17,10,182.03
"1302",2010,137,1,1,1,1,207.17
"1303",2010,138,1,4,4,3,143.68
"1304",2010,139,1,4,4,2,213.9
"1305",2010,14,1,2,2,2,76.37
"1306",2010,142,1,1,1,1,259.12
"1307",2010,146,1,8,9,4,189.9
"1308",2010,149,1,4,6,1,21.17
"1309",2010,15,1,8,10,2,64.28
"1310",2010,156,1,16,17,9,283.25
"1311",2010,157,1,2,2,1,10.4
"1312",2010,16,1,1,1,1,11.42
"1313",2010,160,1,16,17,10,362.64
"1314",2010,163,1,1,1,1,90.02
"1315",2010,164,1,16,17,9,346.3
"1316",2010,165,1,2,2,1,67.63
"1317",2010,167,1,1,1,1,81.08
"1318",2010,168,1,2,2,2,126.55
"1319",2010,169,1,16,17,10,259.54
"1320",2010,170,1,8,10,4,74.22
"1321",2010,171,1,2,2,2,81.66
"1322",2010,174,1,16,17,10,148.87
"1323",2010,175,1,2,2,2,72.35
"1324",2010,176,1,4,4,3,93.21
"1325",2010,177,1,8,9,6,187.2
"1326",2010,178,1,8,9,6,137.14
"1327",2010,185,1,1,1,1,171.05
"1328",2010,186,1,16,17,11,212.13
"1329",2010,190,1,4,4,3,119.32
"1330",2010,193,1,2,2,2,191.33
"1331",2010,197,1,2,2,2,38.5
"1332",2010,199,1,4,4,2,170.9
"1333",2010,2,1,1,1,1,143.82
"1334",2010,20,1,1,1,1,212.73
"1335",2010,201,1,4,4,3,174.59
"1336",2010,202,1,16,17,10,386.52
"1337",2010,205,1,1,1,1,135.4
"1338",2010,206,1,8,9,7,321.35
"1339",2010,208,1,8,8,6,280.28
"1340",2010,210,1,8,8,6,267.37
"1341",2010,213,1,8,9,6,204.97
"1342",2010,22,1,8,10,2,53.87
"1343",2010,220,1,16,17,9,272.96
"1344",2010,223,1,4,4,3,146.95
"1345",2010,224,1,2,2,2,65.65
"1346",2010,225,1,4,4,2,157.38
"1347",2010,227,1,16,17,10,270.96
"1348",2010,229,1,4,4,4,204.63
"1349",2010,230,1,1,1,1,66
"1350",2010,232,1,8,10,5,217.18
"1351",2010,233,1,4,4,3,265.83
"1352",2010,234,1,2,2,1,66.4
"1353",2010,235,1,16,17,10,283.11
"1354",2010,236,1,2,2,2,282.4
"1355",2010,237,1,1,1,1,13.73
"1356",2010,239,1,16,17,10,229.75
"1357",2010,24,1,4,4,2,48.68
"1358",2010,242,1,16,17,10,195.84
"1359",2010,253,1,16,17,10,236.81
"1360",2010,257,1,16,17,11,362.95
"1361",2010,259,1,2,2,2,274.17
"1362",2010,26,1,4,4,2,120.94
"1363",2010,265,1,1,1,1,106.6
"1364",2010,266,1,8,9,5,107.58
"1365",2010,267,1,1,1,1,149.18
"1366",2010,268,1,1,1,1,63.35
"1367",2010,27,1,16,17,12,229.7
"1368",2010,273,1,16,17,11,526.55
"1369",2010,278,1,2,2,1,23.85
"1370",2010,28,1,4,4,2,77.32
"1371",2010,280,1,1,1,1,82.85
"1372",2010,282,1,1,1,1,76.9
"1373",2010,283,1,8,8,6,77.12
"1374",2010,286,1,4,4,3,167.37
"1375",2010,287,1,4,5,3,48.04
"1376",2010,29,1,1,1,1,71.22
"1377",2010,290,1,1,2,1,37.62
"1378",2010,291,1,1,1,1,178.13
"1379",2010,292,1,8,9,6,282.07
"1380",2010,293,1,8,8,5,241.72
"1381",2010,299,1,16,17,11,224.17
"1382",2010,3,1,4,5,2,23.93
"1383",2010,30,1,16,17,11,259.64
"1384",2010,300,1,2,2,2,231.34
"1385",2010,301,1,16,17,12,209.69
"1386",2010,302,1,4,5,2,158.64
"1387",2010,303,1,8,10,5,196.39
"1388",2010,304,1,2,2,1,44.62
"1389",2010,307,1,8,9,5,176.79
"1390",2010,308,1,1,1,1,2.77
"1391",2010,31,1,1,1,1,45.97
"1392",2010,311,1,2,2,2,134.97
"1393",2010,313,1,8,9,5,121.94
"1394",2010,318,1,16,17,10,311.27
"1395",2010,324,1,2,2,1,3.85
"1396",2010,325,1,4,5,4,184.46
"1397",2010,328,1,16,17,11,295.36
"1398",2010,329,1,16,17,10,334.96
"1399",2010,33,1,4,5,2,104.29
"1400",2010,330,1,2,2,2,157.63
"1401",2010,331,1,16,17,10,210.82
"1402",2010,334,1,2,2,1,70.9
"1403",2010,335,1,2,3,1,22.12
"1404",2010,336,1,16,17,10,196.55
"1405",2010,338,1,1,2,1,16.42
"1406",2010,339,1,16,17,11,306.93
"1407",2010,34,1,16,17,11,235.09
"1408",2010,342,1,2,3,2,161.9
"1409",2010,35,1,16,17,9,197.49
"1410",2010,44,1,4,5,2,71.5
"1411",2010,45,1,4,4,3,106.96
"1412",2010,46,1,16,17,9,264.77
"1413",2010,48,1,2,2,2,98.86
"1414",2010,5,1,1,1,1,62.88
"1415",2010,50,1,8,9,5,138.11
"1416",2010,53,1,4,4,3,82.07
"1417",2010,56,1,2,2,2,112.77
"1418",2010,57,1,8,10,5,165.38
"1419",2010,58,1,4,5,4,106.86
"1420",2010,6,1,2,2,2,76.25
"1421",2010,62,1,4,5,1,10.84
"1422",2010,67,1,8,10,3,111.36
"1423",2010,68,1,16,17,10,364.01
"1424",2010,69,1,1,1,1,26.82
"1425",2010,70,1,4,4,4,129.85
"1426",2010,74,1,8,9,3,61.68
"1427",2010,75,1,2,2,1,47.78
"1428",2010,81,1,8,8,6,317.55
"1429",2010,82,1,16,17,10,208.9
"1430",2010,83,1,1,1,1,25.94
"1431",2010,87,1,1,1,1,49.73
"1432",2010,89,1,16,16,9,235.69
"1433",2010,9,1,16,17,12,256.44
"1434",2010,92,1,1,1,1,90.25
"1435",2010,93,1,4,4,3,137.13
"1436",2010,94,1,1,1,1,135.13
"1437",2010,98,1,8,8,6,183
"1438",2011,104,1,8,8,6,340.44
"1439",2011,107,1,16,17,11,312.49
"1440",2011,108,1,16,17,10,318.76
"1441",2011,109,1,1,1,1,92.3
"1442",2011,11,1,1,1,1,76.07
"1443",2011,110,1,4,4,3,245.65
"1444",2011,111,1,8,10,3,85.33
"1445",2011,115,1,8,9,4,66.08
"1446",2011,117,1,2,2,2,69.16
"1447",2011,118,1,8,9,4,188.61
"1448",2011,12,1,8,10,7,289.99
"1449",2011,125,1,2,2,2,308.96
"1450",2011,129,1,1,1,1,229.43
"1451",2011,130,1,8,8,6,312.06
"1452",2011,133,1,4,6,2,152.57
"1453",2011,135,1,1,1,1,83.5
"1454",2011,136,1,16,17,12,331.68
"1455",2011,137,1,1,1,1,357.22
"1456",2011,138,1,4,4,3,89.27
"1457",2011,139,1,4,4,2,268.67
"1458",2011,14,1,2,2,2,233.83
"1459",2011,142,1,1,1,1,60.27
"1460",2011,146,1,8,9,4,431.4
"1461",2011,149,1,4,6,1,125.43
"1462",2011,15,1,8,10,3,85.59
"1463",2011,156,1,16,17,9,272.87
"1464",2011,157,1,2,2,1,24.7
"1465",2011,16,1,1,1,1,17.85
"1466",2011,160,1,16,17,11,390.08
"1467",2011,163,1,1,1,1,109.42
"1468",2011,164,1,16,17,9,385.45
"1469",2011,165,1,2,2,2,138.92
"1470",2011,167,1,1,1,1,126.33
"1471",2011,168,1,2,2,2,140.2
"1472",2011,169,1,16,17,10,561.56
"1473",2011,170,1,8,10,3,120.43
"1474",2011,171,1,2,2,1,69.23
"1475",2011,174,1,16,17,11,478.67
"1476",2011,175,1,2,2,2,207.45
"1477",2011,176,1,4,4,3,186.65
"1478",2011,177,1,8,9,5,277.1
"1479",2011,178,1,8,9,5,222.02
"1480",2011,185,1,1,1,1,88.48
"1481",2011,186,1,16,17,9,489.14
"1482",2011,190,1,4,4,3,193.5
"1483",2011,193,1,2,2,2,273.75
"1484",2011,197,1,2,2,2,85.22
"1485",2011,199,1,4,4,2,234.99
"1486",2011,2,1,1,1,1,218.53
"1487",2011,20,1,1,1,1,224.15
"1488",2011,201,1,4,4,3,398.4
"1489",2011,202,1,16,17,10,471.39
"1490",2011,205,1,1,1,1,309.68
"1491",2011,206,1,8,9,6,374.63
"1492",2011,208,1,8,8,6,251.01
"1493",2011,210,1,8,8,6,485.45
"1494",2011,211,1,2,4,1,2.58
"1495",2011,213,1,8,9,5,172.85
"1496",2011,22,1,8,10,3,115.49
"1497",2011,220,1,16,17,9,287.19
"1498",2011,223,1,4,4,3,128.2
"1499",2011,224,1,2,2,2,299.09
"1500",2011,225,1,4,4,2,320.88
"1501",2011,227,1,16,17,9,395.37
"1502",2011,229,1,4,4,4,173.53
"1503",2011,230,1,1,1,1,77.45
"1504",2011,232,1,8,10,5,357.5
"1505",2011,233,1,4,4,3,362.3
"1506",2011,234,1,2,2,1,103.65
"1507",2011,235,1,16,17,12,484.18
"1508",2011,236,1,2,2,2,175.83
"1509",2011,237,1,1,1,1,6.67
"1510",2011,239,1,16,17,10,469.66
"1511",2011,24,1,4,4,2,36.3
"1512",2011,242,1,16,17,10,295.25
"1513",2011,253,1,16,17,10,431.16
"1514",2011,257,1,16,17,11,397.74
"1515",2011,259,1,2,2,2,471.51
"1516",2011,26,1,4,4,2,231.08
"1517",2011,265,1,1,1,1,102.38
"1518",2011,266,1,8,9,5,206.79
"1519",2011,267,1,1,1,1,147.87
"1520",2011,268,1,1,1,1,63.52
"1521",2011,27,1,16,17,12,276.07
"1522",2011,273,1,16,17,11,810.84
"1523",2011,278,1,2,2,1,31.47
"1524",2011,28,1,4,4,2,202.86
"1525",2011,280,1,1,1,1,115.58
"1526",2011,282,1,1,1,1,73.83
"1527",2011,283,1,8,8,4,74.54
"1528",2011,286,1,4,4,4,339.04
"1529",2011,287,1,4,5,3,40.52
"1530",2011,29,1,1,1,1,129.43
"1531",2011,290,1,1,2,1,168.05
"1532",2011,291,1,1,1,1,263.75
"1533",2011,292,1,8,9,6,545.3
"1534",2011,293,1,8,8,5,299.24
"1535",2011,299,1,16,17,10,511.41
"1536",2011,3,1,4,5,2,157.25
"1537",2011,30,1,16,17,11,165.76
"1538",2011,300,1,2,2,2,325.43
"1539",2011,301,1,16,17,11,304.52
"1540",2011,302,1,4,5,3,90.44
"1541",2011,303,1,8,10,5,93.87
"1542",2011,304,1,2,2,1,114.85
"1543",2011,307,1,8,9,5,274.57
"1544",2011,308,1,1,1,1,13.15
"1545",2011,31,1,1,1,1,28.18
"1546",2011,311,1,2,2,2,81.47
"1547",2011,313,1,8,9,6,314.34
"1548",2011,318,1,16,17,10,331.85
"1549",2011,324,1,2,2,1,1.08
"1550",2011,325,1,4,5,3,274.87
"1551",2011,328,1,16,17,12,422.62
"1552",2011,329,1,16,17,10,439.31
"1553",2011,33,1,4,5,2,42.15
"1554",2011,330,1,2,2,2,157.52
"1555",2011,331,1,16,17,12,300.76
"1556",2011,334,1,2,2,1,101.03
"1557",2011,335,1,2,3,1,61.23
"1558",2011,336,1,16,17,10,369.53
"1559",2011,338,1,1,2,1,36.5
"1560",2011,339,1,16,17,10,361.31
"1561",2011,34,1,16,17,10,304.89
"1562",2011,342,1,2,3,2,209.52
"1563",2011,35,1,16,17,11,305.11
"1564",2011,44,1,4,5,2,64.2
"1565",2011,45,1,4,4,3,128.23
"1566",2011,46,1,16,17,10,308.59
"1567",2011,48,1,2,2,2,135.31
"1568",2011,5,1,1,1,1,41.68
"1569",2011,50,1,8,9,5,187.7
"1570",2011,53,1,4,4,3,149.72
"1571",2011,56,1,2,2,2,209.33
"1572",2011,57,1,8,10,6,204.1
"1573",2011,58,1,4,5,4,57.82
"1574",2011,6,1,2,2,2,46.5
"1575",2011,62,1,4,5,1,16.7
"1576",2011,67,1,8,10,3,339.3
"1577",2011,68,1,16,17,12,273.68
"1578",2011,69,1,1,1,1,53.77
"1579",2011,70,1,4,4,4,254.23
"1580",2011,74,1,8,9,3,125.69
"1581",2011,75,1,2,2,1,43.78
"1582",2011,81,1,8,8,6,310.88
"1583",2011,82,1,16,17,10,276.28
"1584",2011,83,1,1,1,1,33.28
"1585",2011,87,1,1,1,1,47.58
"1586",2011,89,1,16,16,11,335.45
"1587",2011,9,1,16,17,11,286.09
"1588",2011,92,1,1,1,1,64.67
"1589",2011,93,1,4,4,3,127.43
"1590",2011,94,1,1,1,1,83.02
"1591",2011,98,1,8,8,5,302.72
"1592",2012,104,1,8,8,6,163.05
"1593",2012,107,1,16,17,10,242.3
"1594",2012,108,1,16,17,10,421.43
"1595",2012,109,1,1,1,1,96.03
"1596",2012,11,1,1,1,1,27.25
"1597",2012,110,1,4,4,3,165.84
"1598",2012,111,1,8,10,4,48.78
"1599",2012,115,1,8,9,2,46.9
"1600",2012,117,1,2,2,1,10.57
"1601",2012,118,1,8,9,4,139.91
"1602",2012,12,1,8,10,7,213.29
"1603",2012,125,1,2,2,2,178.67
"1604",2012,129,1,1,1,1,186.73
"1605",2012,130,1,8,8,5,238.08
"1606",2012,133,1,4,6,3,135.38
"1607",2012,135,1,1,1,1,70.98
"1608",2012,136,1,16,17,10,280.24
"1609",2012,137,1,1,1,1,168.5
"1610",2012,138,1,4,4,3,271.54
"1611",2012,139,1,4,4,2,42.04
"1612",2012,14,1,2,2,2,136.29
"1613",2012,142,1,1,1,1,50.3
"1614",2012,146,1,8,9,4,182.4
"1615",2012,149,1,4,6,1,123.67
"1616",2012,15,1,8,10,2,74.01
"1617",2012,156,1,16,17,10,237.9
"1618",2012,157,1,2,2,1,16.67
"1619",2012,16,1,1,1,1,5.53
"1620",2012,160,1,16,17,10,178.47
"1621",2012,163,1,1,1,1,72.9
"1622",2012,164,1,16,17,8,227.91
"1623",2012,165,1,2,2,2,107.98
"1624",2012,167,1,1,1,1,97.98
"1625",2012,168,1,2,2,2,136.03
"1626",2012,169,1,16,17,11,277
"1627",2012,170,1,8,10,5,97.29
"1628",2012,171,1,2,2,2,46.92
"1629",2012,174,1,16,17,9,144.84
"1630",2012,175,1,2,2,2,135.65
"1631",2012,176,1,4,4,3,149.53
"1632",2012,177,1,8,9,6,259.14
"1633",2012,178,1,8,9,5,180.11
"1634",2012,185,1,1,1,1,109.43
"1635",2012,186,1,16,17,10,236.15
"1636",2012,190,1,4,4,3,258.9
"1637",2012,193,1,2,2,2,181.97
"1638",2012,197,1,2,2,1,34.78
"1639",2012,199,1,4,4,2,151.2
"1640",2012,2,1,1,1,1,23.65
"1641",2012,20,1,1,1,1,242.12
"1642",2012,201,1,4,4,3,213.74
"1643",2012,202,1,16,17,9,347.2
"1644",2012,205,1,1,1,1,145.93
"1645",2012,206,1,8,9,6,395.79
"1646",2012,208,1,8,8,5,246.65
"1647",2012,210,1,8,8,8,276.32
"1648",2012,211,1,2,4,1,24.95
"1649",2012,213,1,8,9,6,231.81
"1650",2012,22,1,8,10,4,100.35
"1651",2012,220,1,16,17,10,241.85
"1652",2012,223,1,4,4,2,194.53
"1653",2012,224,1,2,2,2,119.72
"1654",2012,225,1,4,4,2,154.15
"1655",2012,227,1,16,17,9,204.04
"1656",2012,229,1,4,4,4,119.04
"1657",2012,230,1,1,1,1,53.67
"1658",2012,232,1,8,10,4,132.07
"1659",2012,233,1,4,4,3,384.64
"1660",2012,234,1,2,2,1,21.58
"1661",2012,235,1,16,17,11,249.22
"1662",2012,236,1,2,2,2,139.8
"1663",2012,237,1,1,1,1,4.88
"1664",2012,239,1,16,17,9,276.77
"1665",2012,24,1,4,4,3,42.37
"1666",2012,242,1,16,17,10,184.79
"1667",2012,253,1,16,17,10,316.8
"1668",2012,257,1,16,17,12,305.37
"1669",2012,259,1,2,2,2,266.53
"1670",2012,26,1,4,4,2,161.92
"1671",2012,265,1,1,1,1,46.5
"1672",2012,266,1,8,9,4,157.14
"1673",2012,267,1,1,1,1,110.93
"1674",2012,268,1,1,1,1,82.98
"1675",2012,27,1,16,17,13,190.97
"1676",2012,273,1,16,17,10,573.92
"1677",2012,278,1,2,2,1,56.97
"1678",2012,28,1,4,4,2,87
"1679",2012,280,1,1,1,1,51.42
"1680",2012,282,1,1,1,1,90.4
"1681",2012,283,1,8,8,5,100.43
"1682",2012,286,1,4,4,4,313.47
"1683",2012,287,1,4,5,3,34.52
"1684",2012,29,1,1,1,1,22.17
"1685",2012,290,1,1,2,1,10.5
"1686",2012,291,1,1,1,1,93.68
"1687",2012,292,1,8,9,5,293.89
"1688",2012,293,1,8,8,5,219.04
"1689",2012,299,1,16,17,10,259.7
"1690",2012,3,1,4,5,3,149.78
"1691",2012,30,1,16,17,11,331.26
"1692",2012,300,1,2,2,2,180.58
"1693",2012,301,1,16,17,10,299.69
"1694",2012,302,1,4,5,3,77.42
"1695",2012,303,1,8,10,6,83.02
"1696",2012,304,1,2,2,2,87.1
"1697",2012,307,1,8,9,5,161.65
"1698",2012,308,1,1,1,1,8.18
"1699",2012,31,1,1,1,1,29.75
"1700",2012,311,1,2,2,2,59.82
"1701",2012,313,1,8,9,5,98.74
"1702",2012,318,1,16,17,13,299.17
"1703",2012,324,1,2,2,1,0.97
"1704",2012,325,1,4,5,4,193.65
"1705",2012,328,1,16,17,11,182.55
"1706",2012,329,1,16,17,11,317.26
"1707",2012,33,1,4,5,2,74.32
"1708",2012,330,1,2,2,2,152.93
"1709",2012,331,1,16,17,11,284.52
"1710",2012,334,1,2,2,1,101.95
"1711",2012,335,1,2,3,1,30.95
"1712",2012,336,1,16,17,12,258.61
"1713",2012,338,1,1,2,1,2.77
"1714",2012,339,1,16,17,10,197.64
"1715",2012,34,1,16,17,10,190.23
"1716",2012,342,1,2,3,2,65.4
"1717",2012,35,1,16,17,9,204.82
"1718",2012,44,1,4,5,3,101.89
"1719",2012,45,1,4,4,3,172.23
"1720",2012,46,1,16,17,11,235.46
"1721",2012,48,1,2,2,2,101.57
"1722",2012,5,1,1,1,1,54.03
"1723",2012,50,1,8,9,5,160.56
"1724",2012,53,1,4,4,3,43.95
"1725",2012,56,1,2,2,2,123.98
"1726",2012,57,1,8,10,6,180.49
"1727",2012,58,1,4,5,4,106.55
"1728",2012,6,1,2,2,2,75
"1729",2012,62,1,4,5,1,1.58
"1730",2012,67,1,8,10,3,190.57
"1731",2012,68,1,16,17,10,166.17
"1732",2012,69,1,1,1,1,19.93
"1733",2012,70,1,4,4,4,191.66
"1734",2012,74,1,8,9,3,147.28
"1735",2012,75,1,2,2,1,125.8
"1736",2012,81,1,8,8,6,162.92
"1737",2012,82,1,16,17,10,213.05
"1738",2012,83,1,1,1,1,5.55
"1739",2012,87,1,1,1,1,49.67
"1740",2012,89,1,16,16,10,223.59
"1741",2012,9,1,16,17,11,265.36
"1742",2012,92,1,1,1,1,116.77
"1743",2012,93,1,4,4,3,101.89
"1744",2012,94,1,1,1,1,27.73
"1745",2012,98,1,8,8,6,186.59
"1746",2013,104,2,8,8,6,314.92
"1747",2013,107,2,16,17,10,225.39
"1748",2013,108,2,16,17,8,246.58
"1749",2013,109,2,1,1,1,44.48
"1750",2013,11,2,1,1,1,41
"1751",2013,110,2,4,4,3,148.62
"1752",2013,111,2,8,10,3,67.13
"1753",2013,115,2,8,9,3,64.65
"1754",2013,117,2,2,2,1,31.92
"1755",2013,118,2,8,9,4,140.79
"1756",2013,12,2,8,10,7,179.6
"1757",2013,125,2,2,2,2,188.77
"1758",2013,129,2,1,1,1,120.07
"1759",2013,130,2,8,8,5,314.42
"1760",2013,133,2,4,6,2,124.27
"1761",2013,135,2,1,1,1,54.5
"1762",2013,136,2,16,17,12,263.94
"1763",2013,137,2,1,1,1,277.95
"1764",2013,138,2,4,4,3,191.9
"1765",2013,139,2,4,4,2,236.57
"1766",2013,14,2,2,2,1,323.97
"1767",2013,142,2,1,1,1,62.38
"1768",2013,146,2,8,9,3,106.64
"1769",2013,149,2,4,6,2,93.98
"1770",2013,15,2,8,10,2,112.32
"1771",2013,156,2,16,17,9,222.92
"1772",2013,157,2,2,2,1,43.53
"1773",2013,16,2,1,1,1,58.33
"1774",2013,160,2,16,17,8,150.58
"1775",2013,163,2,1,1,1,42.27
"1776",2013,164,2,16,17,9,306.73
"1777",2013,165,2,2,2,1,57.07
"1778",2013,167,2,1,1,1,149.65
"1779",2013,168,2,2,2,2,131.81
"1780",2013,169,2,16,17,10,295.4
"1781",2013,170,2,8,10,3,149.13
"1782",2013,171,2,2,2,1,60.85
"1783",2013,174,2,16,17,11,405.49
"1784",2013,175,2,2,2,2,184.93
"1785",2013,176,2,4,4,3,195.36
"1786",2013,177,2,8,9,6,214.74
"1787",2013,178,2,8,9,6,166.22
"1788",2013,185,2,1,1,1,159
"1789",2013,186,2,16,17,9,265.55
"1790",2013,190,2,4,4,3,401.95
"1791",2013,193,2,2,2,2,237.41
"1792",2013,197,2,2,2,1,33.47
"1793",2013,199,2,4,4,2,118.15
"1794",2013,2,2,1,1,1,82.72
"1795",2013,20,2,1,1,1,345.68
"1796",2013,201,2,4,4,3,276.53
"1797",2013,202,2,16,17,10,411.92
"1798",2013,205,2,1,1,1,264.98
"1799",2013,206,2,8,9,7,301.63
"1800",2013,208,2,8,8,6,161.08
"1801",2013,210,2,8,8,7,200.12
"1802",2013,211,2,2,4,1,0.92
"1803",2013,213,2,8,9,6,161.27
"1804",2013,22,2,8,10,4,244.28
"1805",2013,220,2,16,17,10,189.52
"1806",2013,223,2,4,4,2,139.27
"1807",2013,224,2,2,2,2,108.53
"1808",2013,225,2,4,4,2,134.46
"1809",2013,227,2,16,17,11,319.42
"1810",2013,229,2,4,4,4,168
"1811",2013,230,2,1,1,1,32.05
"1812",2013,232,2,8,10,4,156.39
"1813",2013,233,2,4,4,3,319.2
"1814",2013,234,2,2,2,1,95.85
"1815",2013,235,2,16,17,9,398.51
"1816",2013,236,2,2,2,2,139.93
"1817",2013,237,2,1,1,1,2.97
"1818",2013,239,2,16,17,10,279.25
"1819",2013,24,2,4,4,3,51.31
"1820",2013,242,2,16,17,10,254.65
"1821",2013,253,2,16,17,9,250.08
"1822",2013,257,2,16,17,11,274.6
"1823",2013,259,2,2,2,2,121.97
"1824",2013,26,2,4,4,2,223.12
"1825",2013,265,2,1,1,1,85.47
"1826",2013,266,2,8,9,4,139.45
"1827",2013,267,2,1,1,1,213.58
"1828",2013,268,2,1,1,1,35.12
"1829",2013,27,2,16,17,13,252.97
"1830",2013,273,2,16,17,12,575.99
"1831",2013,278,2,2,2,1,46.8
"1832",2013,28,2,4,4,2,198.27
"1833",2013,280,2,1,1,1,50.45
"1834",2013,282,2,1,1,1,123.3
"1835",2013,283,2,8,8,6,100.23
"1836",2013,286,2,4,4,4,232.51
"1837",2013,287,2,4,5,3,40.52
"1838",2013,29,2,1,1,1,23.1
"1839",2013,290,2,1,2,1,83.55
"1840",2013,291,2,1,1,1,161.28
"1841",2013,292,2,8,9,5,327.58
"1842",2013,293,2,8,8,6,310.71
"1843",2013,299,2,16,17,9,225.47
"1844",2013,3,2,4,5,2,75.03
"1845",2013,30,2,16,17,10,240.69
"1846",2013,300,2,2,2,2,240.68
"1847",2013,301,2,16,17,8,196.08
"1848",2013,302,2,4,5,2,193.33
"1849",2013,303,2,8,10,4,259.85
"1850",2013,304,2,2,2,1,84.03
"1851",2013,307,2,8,9,5,156.05
"1852",2013,308,2,1,1,1,8.12
"1853",2013,31,2,1,1,1,20.45
"1854",2013,311,2,2,2,2,108.78
"1855",2013,313,2,8,9,5,412.28
"1856",2013,318,2,16,17,11,320.95
"1857",2013,325,2,4,5,3,225.01
"1858",2013,328,2,16,17,11,522.56
"1859",2013,329,2,16,17,11,228.88
"1860",2013,33,2,4,5,2,108.86
"1861",2013,330,2,2,2,2,163.47
"1862",2013,331,2,16,17,9,257.63
"1863",2013,334,2,2,2,1,67.58
"1864",2013,335,2,2,3,1,62.63
"1865",2013,336,2,16,17,10,275.93
"1866",2013,338,2,1,2,1,34.32
"1867",2013,339,2,16,17,10,223.26
"1868",2013,34,2,16,17,10,155.67
"1869",2013,342,2,2,3,2,105.45
"1870",2013,35,2,16,17,9,214.4
"1871",2013,44,2,4,5,2,128.96
"1872",2013,45,2,4,4,3,180.22
"1873",2013,46,2,16,17,11,299.16
"1874",2013,48,2,2,2,2,81.05
"1875",2013,5,2,1,1,1,28.7
"1876",2013,50,2,8,9,4,101.93
"1877",2013,53,2,4,4,3,69.03
"1878",2013,56,2,2,2,2,95.9
"1879",2013,57,2,8,10,5,173.38
"1880",2013,58,2,4,5,4,53.74
"1881",2013,6,2,2,2,2,49.8
"1882",2013,62,2,4,5,1,4.55
"1883",2013,67,2,8,10,3,230.53
"1884",2013,68,2,16,17,10,215.88
"1885",2013,69,2,1,1,1,73.48
"1886",2013,70,2,4,4,4,170.76
"1887",2013,74,2,8,9,3,63.69
"1888",2013,75,2,2,2,1,45.15
"1889",2013,81,2,8,8,6,107.87
"1890",2013,82,2,16,17,10,201.64
"1891",2013,83,2,1,1,1,7.4
"1892",2013,87,2,1,1,1,41.48
"1893",2013,89,2,16,16,12,300.38
"1894",2013,9,2,16,17,12,204.1
"1895",2013,92,2,1,1,1,95.92
"1896",2013,93,2,4,4,2,255.35
"1897",2013,94,2,1,1,1,84.07
"1898",2013,98,2,8,8,6,341.73
"1899",2014,104,1,8,8,6,291.52
"1900",2014,107,1,16,17,10,270.09
"1901",2014,108,1,16,17,10,308.03
"1902",2014,109,1,1,1,1,31.73
"1903",2014,11,1,1,1,1,120.03
"1904",2014,110,1,4,4,3,371.97
"1905",2014,111,1,8,10,3,88.37
"1906",2014,115,1,8,9,2,45.87
"1907",2014,117,1,2,2,2,100.18
"1908",2014,118,1,8,9,4,110.19
"1909",2014,12,1,8,10,7,157.35
"1910",2014,125,1,2,2,2,187
"1911",2014,129,1,1,1,1,197.72
"1912",2014,130,1,8,8,5,290.55
"1913",2014,133,1,4,6,2,73.65
"1914",2014,135,1,1,1,1,38.05
"1915",2014,136,1,16,17,9,157.59
"1916",2014,137,1,1,1,1,283.62
"1917",2014,138,1,4,4,3,206.77
"1918",2014,139,1,4,4,2,166.27
"1919",2014,14,1,2,2,2,175.7
"1920",2014,142,1,1,1,1,80.68
"1921",2014,146,1,8,9,4,150.25
"1922",2014,149,1,4,6,1,70
"1923",2014,15,1,8,10,2,77.31
"1924",2014,156,1,16,17,9,273.01
"1925",2014,157,1,2,2,1,47.27
"1926",2014,16,1,1,1,1,29.07
"1927",2014,160,1,16,17,11,176.13
"1928",2014,163,1,1,1,1,33.38
"1929",2014,164,1,16,17,9,321.14
"1930",2014,165,1,2,2,2,62.99
"1931",2014,167,1,1,1,1,210.95
"1932",2014,168,1,2,2,2,61.48
"1933",2014,169,1,16,17,8,380.84
"1934",2014,170,1,8,10,4,101.03
"1935",2014,171,1,2,2,2,122.34
"1936",2014,174,1,16,17,9,262.66
"1937",2014,175,1,2,2,2,149.49
"1938",2014,176,1,4,4,3,120.54
"1939",2014,177,1,8,9,5,169.09
"1940",2014,178,1,8,9,6,70.8
"1941",2014,185,1,1,1,1,85.73
"1942",2014,186,1,16,17,10,268.07
"1943",2014,190,1,4,4,3,315
"1944",2014,193,1,2,2,2,189.7
"1945",2014,199,1,4,4,2,193.99
"1946",2014,2,1,1,1,1,182.12
"1947",2014,20,1,1,1,1,271.47
"1948",2014,201,1,4,4,3,382.76
"1949",2014,202,1,16,17,11,366.37
"1950",2014,205,1,1,1,1,207.53
"1951",2014,206,1,8,9,5,221.9
"1952",2014,208,1,8,8,6,291.98
"1953",2014,210,1,8,8,5,264.69
"1954",2014,211,1,2,4,1,3.75
"1955",2014,213,1,8,9,5,123.71
"1956",2014,22,1,8,10,3,96.18
"1957",2014,220,1,16,17,10,253.49
"1958",2014,223,1,4,4,2,141.54
"1959",2014,224,1,2,2,2,93.45
"1960",2014,225,1,4,4,2,228.8
"1961",2014,227,1,16,17,9,281.35
"1962",2014,229,1,4,4,3,167.03
"1963",2014,230,1,1,1,1,55.67
"1964",2014,232,1,8,10,5,175.14
"1965",2014,233,1,4,4,3,272.2
"1966",2014,234,1,2,2,1,166.15
"1967",2014,235,1,16,17,9,346.9
"1968",2014,236,1,2,2,2,145.48
"1969",2014,237,1,1,1,1,25.5
"1970",2014,239,1,16,17,10,299.45
"1971",2014,24,1,4,4,2,43.72
"1972",2014,242,1,16,17,10,296.6
"1973",2014,253,1,16,17,9,404.17
"1974",2014,257,1,16,17,11,204.47
"1975",2014,259,1,2,2,2,313.4
"1976",2014,26,1,4,4,2,122.9
"1977",2014,265,1,1,1,1,202.4
"1978",2014,266,1,8,9,5,150.29
"1979",2014,267,1,1,1,1,242.57
"1980",2014,268,1,1,1,1,104.1
"1981",2014,27,1,16,17,12,237.4
"1982",2014,273,1,16,17,10,561.07
"1983",2014,278,1,2,2,1,40.65
"1984",2014,28,1,4,4,2,127.07
"1985",2014,280,1,1,1,1,52
"1986",2014,282,1,1,1,1,78.82
"1987",2014,283,1,8,8,5,85.14
"1988",2014,286,1,4,4,4,232.25
"1989",2014,287,1,4,5,2,27.3
"1990",2014,29,1,1,1,1,43.42
"1991",2014,290,1,1,2,1,28.2
"1992",2014,291,1,1,1,1,183.5
"1993",2014,292,1,8,9,5,284.67
"1994",2014,293,1,8,8,5,260.02
"1995",2014,299,1,16,17,11,249.06
"1996",2014,3,1,4,5,3,98.03
"1997",2014,30,1,16,17,12,278.92
"1998",2014,300,1,2,2,2,242.54
"1999",2014,301,1,16,17,12,338.5
"2000",2014,302,1,4,5,2,193.05
"2001",2014,303,1,8,10,4,193.09
"2002",2014,304,1,2,2,1,100.58
"2003",2014,307,1,8,9,5,172.32
"2004",2014,308,1,1,1,1,10.63
"2005",2014,31,1,1,1,1,33.48
"2006",2014,311,1,2,2,2,67.06
"2007",2014,313,1,8,9,3,290.35
"2008",2014,318,1,16,17,11,295.69
"2009",2014,324,1,2,2,1,8.2
"2010",2014,325,1,4,5,3,184.73
"2011",2014,328,1,16,17,10,210.22
"2012",2014,329,1,16,17,10,246.63
"2013",2014,33,1,4,5,2,93.36
"2014",2014,330,1,2,2,2,100.37
"2015",2014,331,1,16,17,8,348.47
"2016",2014,334,1,2,2,1,80.38
"2017",2014,335,1,2,3,2,123.69
"2018",2014,336,1,16,17,11,266.18
"2019",2014,338,1,1,2,1,6.47
"2020",2014,339,1,16,17,12,198.8
"2021",2014,34,1,16,17,10,266.8
"2022",2014,342,1,2,3,2,145.36
"2023",2014,35,1,16,17,9,208.09
"2024",2014,44,1,4,5,2,90.22
"2025",2014,45,1,4,4,3,205.81
"2026",2014,46,1,16,17,10,240.8
"2027",2014,48,1,2,2,2,146.41
"2028",2014,5,1,1,1,1,32.15
"2029",2014,50,1,8,9,5,158.39
"2030",2014,53,1,4,4,3,177.35
"2031",2014,56,1,2,2,2,148.36
"2032",2014,57,1,8,10,6,185.27
"2033",2014,58,1,4,5,3,50.91
"2034",2014,6,1,2,2,2,36.75
"2035",2014,62,1,4,5,1,11.55
"2036",2014,67,1,8,10,3,175.48
"2037",2014,68,1,16,17,9,305.11
"2038",2014,69,1,1,1,1,52.3
"2039",2014,70,1,4,4,3,163.16
"2040",2014,74,1,8,9,3,55.1
"2041",2014,75,1,2,2,1,90.1
"2042",2014,81,1,8,8,6,177.48
"2043",2014,82,1,16,17,9,302.76
"2044",2014,83,1,1,1,1,4.35
"2045",2014,87,1,1,1,1,33.55
"2046",2014,89,1,16,16,10,248.77
"2047",2014,9,1,16,17,10,177.92
"2048",2014,92,1,1,1,1,69.28
"2049",2014,93,1,4,4,3,281.42
"2050",2014,94,1,1,1,1,147.95
"2051",2014,98,1,8,8,5,204.2
"2052",2015,104,1,8,8,6,124.21
"2053",2015,107,1,16,17,9,208.66
"2054",2015,108,1,16,17,10,431.75
"2055",2015,109,1,1,1,1,55.77
"2056",2015,11,1,1,1,1,32.6
"2057",2015,110,1,4,4,3,236.3
"2058",2015,111,1,8,10,3,78.88
"2059",2015,115,1,8,9,3,71.39
"2060",2015,117,1,2,2,2,21.15
"2061",2015,118,1,8,9,4,134.68
"2062",2015,12,1,8,10,7,175.41
"2063",2015,125,1,2,2,2,166.43
"2064",2015,129,1,1,1,1,99.5
"2065",2015,130,1,8,8,6,179.46
"2066",2015,133,1,4,6,3,90.71
"2067",2015,135,1,1,1,1,102.33
"2068",2015,136,1,16,17,11,269.6
"2069",2015,137,1,1,1,1,273.66
"2070",2015,138,1,4,4,3,119.93
"2071",2015,139,1,4,4,2,55.06
"2072",2015,14,1,2,2,1,41.83
"2073",2015,142,1,1,1,1,45.5
"2074",2015,146,1,8,9,4,189.14
"2075",2015,149,1,4,6,1,145.57
"2076",2015,15,1,8,10,2,64.83
"2077",2015,156,1,16,17,8,267.35
"2078",2015,157,1,2,2,1,12.05
"2079",2015,160,1,16,17,10,347.13
"2080",2015,163,1,1,1,1,36.98
"2081",2015,164,1,16,17,10,186.17
"2082",2015,165,1,2,2,1,99.52
"2083",2015,167,1,1,1,1,56.73
"2084",2015,168,1,2,2,2,118.65
"2085",2015,169,1,16,17,9,369.99
"2086",2015,170,1,8,10,4,82.12
"2087",2015,171,1,2,2,1,66.73
"2088",2015,174,1,16,17,10,152.69
"2089",2015,175,1,2,2,2,258.14
"2090",2015,176,1,4,4,3,168.74
"2091",2015,177,1,8,9,6,181.67
"2092",2015,178,1,8,9,6,194.75
"2093",2015,185,1,1,1,1,38.88
"2094",2015,186,1,16,17,9,314.41
"2095",2015,190,1,4,4,3,142.44
"2096",2015,193,1,2,2,2,282.27
"2097",2015,197,1,2,2,1,56.12
"2098",2015,199,1,4,4,2,194.94
"2099",2015,2,1,1,1,1,78.28
"2100",2015,20,1,1,1,1,206.59
"2101",2015,201,1,4,4,3,241.09
"2102",2015,202,1,16,17,12,378.21
"2103",2015,205,1,1,1,1,126.33
"2104",2015,206,1,8,9,6,287.99
"2105",2015,208,1,8,8,6,276.82
"2106",2015,210,1,8,8,6,348.39
"2107",2015,211,1,2,4,1,5.37
"2108",2015,213,1,8,9,5,233.25
"2109",2015,22,1,8,10,3,68.18
"2110",2015,220,1,16,17,12,290.31
"2111",2015,223,1,4,4,3,88.92
"2112",2015,224,1,2,2,2,89.35
"2113",2015,225,1,4,4,2,228.28
"2114",2015,227,1,16,17,10,443.11
"2115",2015,229,1,4,4,3,256.65
"2116",2015,230,1,1,1,1,92.13
"2117",2015,232,1,8,10,5,236.49
"2118",2015,233,1,4,4,3,279.55
"2119",2015,234,1,2,2,1,39.33
"2120",2015,235,1,16,17,11,370.97
"2121",2015,236,1,2,2,2,145.78
"2122",2015,237,1,1,1,1,7.83
"2123",2015,239,1,16,17,11,287.19
"2124",2015,24,1,4,4,3,77.4
"2125",2015,242,1,16,17,10,330.27
"2126",2015,253,1,16,17,11,367.72
"2127",2015,257,1,16,17,10,264.22
"2128",2015,259,1,2,2,2,222.08
"2129",2015,26,1,4,4,2,133.25
"2130",2015,265,1,1,1,1,13.32
"2131",2015,266,1,8,9,5,214.62
"2132",2015,267,1,1,1,1,93.8
"2133",2015,268,1,1,1,1,45.48
"2134",2015,27,1,16,17,12,178.25
"2135",2015,273,1,16,17,9,606.98
"2136",2015,278,1,2,2,1,51.07
"2137",2015,28,1,4,4,2,158.08
"2138",2015,280,1,1,1,1,84.2
"2139",2015,282,1,1,1,1,95.17
"2140",2015,283,1,8,8,6,99.26
"2141",2015,286,1,4,4,4,237.11
"2142",2015,287,1,4,5,2,31.58
"2143",2015,29,1,1,1,1,18.23
"2144",2015,290,1,1,2,1,4.83
"2145",2015,291,1,1,1,1,161.38
"2146",2015,292,1,8,9,5,276.65
"2147",2015,293,1,8,8,6,323.15
"2148",2015,299,1,16,17,9,290.38
"2149",2015,3,1,4,5,3,31.55
"2150",2015,30,1,16,17,12,311.19
"2151",2015,300,1,2,2,2,212.63
"2152",2015,301,1,16,17,8,260.64
"2153",2015,302,1,4,5,3,36.05
"2154",2015,303,1,8,10,4,146.44
"2155",2015,304,1,2,2,1,25.6
"2156",2015,307,1,8,9,5,172.33
"2157",2015,308,1,1,1,1,12.93
"2158",2015,31,1,1,1,1,45.62
"2159",2015,311,1,2,2,2,62.4
"2160",2015,313,1,8,9,6,216.66
"2161",2015,318,1,16,17,9,383.27
"2162",2015,324,1,2,2,1,1.77
"2163",2015,325,1,4,5,3,169.68
"2164",2015,328,1,16,17,9,291.17
"2165",2015,329,1,16,17,11,247.97
"2166",2015,33,1,4,5,3,115.32
"2167",2015,330,1,2,2,2,117.77
"2168",2015,331,1,16,17,12,276.1
"2169",2015,334,1,2,2,1,90.6
"2170",2015,335,1,2,3,1,6.97
"2171",2015,336,1,16,17,8,375.12
"2172",2015,338,1,1,2,1,16.62
"2173",2015,339,1,16,17,10,349.23
"2174",2015,34,1,16,17,10,266.36
"2175",2015,342,1,2,3,2,95.98
"2176",2015,35,1,16,17,7,151.65
"2177",2015,44,1,4,5,2,111.11
"2178",2015,45,1,4,4,3,168.24
"2179",2015,46,1,16,17,11,347.25
"2180",2015,48,1,2,2,2,132.6
"2181",2015,5,1,1,1,1,85.63
"2182",2015,50,1,8,9,5,70.01
"2183",2015,53,1,4,4,3,125.39
"2184",2015,56,1,2,2,2,113.1
"2185",2015,57,1,8,10,5,222.83
"2186",2015,58,1,4,5,4,58
"2187",2015,6,1,2,2,2,67.68
"2188",2015,62,1,4,5,1,7.72
"2189",2015,67,1,8,10,3,292.34
"2190",2015,68,1,16,17,11,208.91
"2191",2015,69,1,1,1,1,9.38
"2192",2015,70,1,4,4,3,198.37
"2193",2015,74,1,8,9,4,142.45
"2194",2015,75,1,2,2,1,119.22
"2195",2015,81,1,8,8,6,252.07
"2196",2015,82,1,16,17,9,250.28
"2197",2015,83,1,1,1,1,0.1
"2198",2015,87,1,1,1,1,36.73
"2199",2015,89,1,16,16,11,332.43
"2200",2015,9,1,16,17,8,212.51
"2201",2015,92,1,1,1,1,68.5
"2202",2015,93,1,4,4,2,165.33
"2203",2015,94,1,1,1,1,47.92
"2204",2015,98,1,8,8,5,224.85
"2205",2016,104,1,8,8,7,204.04
"2206",2016,107,1,16,17,14,174.84
"2207",2016,108,1,16,17,14,250.91
"2208",2016,109,1,1,1,1,52.38
"2209",2016,11,1,1,1,1,13.95
"2210",2016,110,1,4,4,4,149.25
"2211",2016,111,1,8,10,5,50.33
"2212",2016,115,1,8,9,7,52.84
"2213",2016,117,1,2,2,2,22.17
"2214",2016,118,1,8,9,7,114.37
"2215",2016,12,1,8,10,7,176.49
"2216",2016,125,1,2,2,2,172.63
"2217",2016,129,1,1,1,1,190.82
"2218",2016,130,1,8,8,7,158.38
"2219",2016,133,1,4,6,3,50.91
"2220",2016,135,1,1,1,1,67.5
"2221",2016,136,1,16,17,14,272.41
"2222",2016,137,1,1,1,1,181.6
"2223",2016,138,1,4,4,4,112.36
"2224",2016,139,1,4,4,4,61.07
"2225",2016,14,1,2,2,2,138.15
"2226",2016,142,1,1,1,1,19.32
"2227",2016,146,1,8,9,6,162.19
"2228",2016,149,1,4,6,2,72.68
"2229",2016,15,1,8,10,5,70.61
"2230",2016,156,1,16,17,14,174.87
"2231",2016,157,1,2,2,2,12.83
"2232",2016,16,1,1,1,1,7.22
"2233",2016,160,1,16,17,14,251.85
"2234",2016,163,1,1,1,1,46.65
"2235",2016,164,1,16,17,14,274.36
"2236",2016,165,1,2,2,2,125.68
"2237",2016,167,1,1,1,1,86.5
"2238",2016,168,1,2,2,2,100.45
"2239",2016,169,1,16,17,14,263.3
"2240",2016,170,1,8,10,6,49.4
"2241",2016,171,1,2,2,2,37.82
"2242",2016,174,1,16,17,14,187.75
"2243",2016,175,1,2,2,2,174.35
"2244",2016,176,1,4,4,4,124
"2245",2016,177,1,8,9,6,174.86
"2246",2016,178,1,8,9,8,155.59
"2247",2016,185,1,1,1,1,22.58
"2248",2016,186,1,16,17,14,186.61
"2249",2016,190,1,4,4,3,70.87
"2250",2016,193,1,2,2,2,287.85
"2251",2016,197,1,2,2,2,8.22
"2252",2016,199,1,4,4,2,199.65
"2253",2016,2,1,1,1,1,107.67
"2254",2016,20,1,1,1,1,245.08
"2255",2016,201,1,4,4,3,317.24
"2256",2016,202,1,16,17,16,446.28
"2257",2016,205,1,1,1,1,123.75
"2258",2016,206,1,8,9,8,190.21
"2259",2016,208,1,8,8,8,212.92
"2260",2016,210,1,8,8,8,186.53
"2261",2016,211,1,2,4,1,0
"2262",2016,213,1,8,9,6,185.79
"2263",2016,22,1,8,10,6,22.22
"2264",2016,220,1,16,17,14,222.29
"2265",2016,223,1,4,4,3,120.09
"2266",2016,224,1,2,2,2,96.35
"2267",2016,225,1,4,4,3,160.7
"2268",2016,227,1,16,17,15,326.64
"2269",2016,229,1,4,4,4,321.04
"2270",2016,230,1,1,1,1,57.7
"2271",2016,232,1,8,10,6,141.89
"2272",2016,233,1,4,4,3,206.5
"2273",2016,234,1,2,2,2,24.23
"2274",2016,235,1,16,17,14,274.51
"2275",2016,236,1,2,2,2,82.09
"2276",2016,237,1,1,1,1,2.32
"2277",2016,239,1,16,17,14,301.21
"2278",2016,24,1,4,4,4,23.98
"2279",2016,242,1,16,17,14,238.77
"2280",2016,253,1,16,17,15,261.86
"2281",2016,257,1,16,17,14,236.24
"2282",2016,259,1,2,2,2,96.03
"2283",2016,26,1,4,4,4,122.57
"2284",2016,265,1,1,1,1,10.25
"2285",2016,266,1,8,9,6,98.9
"2286",2016,267,1,1,1,1,160.67
"2287",2016,268,1,1,1,1,22.67
"2288",2016,27,1,16,17,14,268.15
"2289",2016,273,1,16,17,14,551.81
"2290",2016,278,1,2,2,2,32.67
"2291",2016,28,1,4,4,2,74.66
"2292",2016,280,1,1,1,1,58.42
"2293",2016,282,1,1,1,1,33.05
"2294",2016,283,1,8,8,8,56.1
"2295",2016,286,1,4,4,4,176.92
"2296",2016,287,1,4,5,4,38.62
"2297",2016,29,1,1,1,1,18.88
"2298",2016,290,1,1,2,1,2.93
"2299",2016,291,1,1,1,1,83.55
"2300",2016,292,1,8,9,7,335.37
"2301",2016,293,1,8,8,6,285.71
"2302",2016,299,1,16,17,15,328.68
"2303",2016,3,1,4,5,4,118.17
"2304",2016,30,1,16,17,14,248.38
"2305",2016,300,1,2,2,2,122.8
"2306",2016,301,1,16,17,15,208.86
"2307",2016,302,1,4,5,3,75.17
"2308",2016,303,1,8,10,7,61.99
"2309",2016,304,1,2,2,2,21.13
"2310",2016,307,1,8,9,6,134.53
"2311",2016,308,1,1,1,1,6.6
"2312",2016,31,1,1,1,1,25.38
"2313",2016,311,1,2,2,2,27.05
"2314",2016,313,1,8,9,6,162.65
"2315",2016,318,1,16,17,14,323.12
"2316",2016,324,1,2,2,2,3.62
"2317",2016,325,1,4,5,4,76.26
"2318",2016,328,1,16,17,15,335.24
"2319",2016,329,1,16,17,14,296.72
"2320",2016,33,1,4,5,3,100.3
"2321",2016,330,1,2,2,2,120.55
"2322",2016,331,1,16,17,14,194.22
"2323",2016,334,1,2,2,2,56.05
"2324",2016,335,1,2,3,1,8.82
"2325",2016,336,1,16,17,14,153.06
"2326",2016,338,1,1,2,1,22.52
"2327",2016,339,1,16,17,14,293.61
"2328",2016,34,1,16,17,14,214.57
"2329",2016,342,1,2,3,2,51.43
"2330",2016,35,1,16,17,14,178.46
"2331",2016,44,1,4,5,3,45.14
"2332",2016,45,1,4,4,3,99.545
"2333",2016,46,1,16,17,14,215.35
"2334",2016,48,1,2,2,2,78.7
"2335",2016,5,1,1,1,1,46.42
"2336",2016,50,1,8,9,6,49.37
"2337",2016,53,1,4,4,3,78.95
"2338",2016,56,1,2,2,2,84.15
"2339",2016,57,1,8,10,7,95.01
"2340",2016,58,1,4,5,4,78.79
"2341",2016,6,1,2,2,2,31.45
"2342",2016,62,1,4,5,2,14
"2343",2016,67,1,8,10,5,139.4
"2344",2016,68,1,16,17,14,271.75
"2345",2016,69,1,1,1,1,3.68
"2346",2016,70,1,4,4,4,188.69
"2347",2016,74,1,8,9,6,67
"2348",2016,75,1,2,2,2,67.87
"2349",2016,81,1,8,8,8,292.06
"2350",2016,82,1,16,17,14,293.4
"2351",2016,83,1,1,1,1,0.06
"2352",2016,87,1,1,1,1,33.77
"2353",2016,89,1,16,16,14,278.22
"2354",2016,9,1,16,17,15,258.31
"2355",2016,92,1,1,1,1,46.7
"2356",2016,93,1,4,4,4,134.47
"2357",2016,94,1,1,1,1,70.9
"2358",2016,98,1,8,8,7,268.73
"2359",2017,104,1,8,8,6,150.43
"2360",2017,107,1,16,17,10,167.84
"2361",2017,108,1,16,17,9,337.1
"2362",2017,109,1,1,1,1,46.52
"2363",2017,11,1,1,1,1,24.73
"2364",2017,110,1,4,4,3,139.6
"2365",2017,111,1,8,10,3,73.27
"2366",2017,115,1,8,9,2,62.94
"2367",2017,117,1,2,2,2,25.63
"2368",2017,118,1,8,9,4,131.66
"2369",2017,12,1,8,10,7,235.1
"2370",2017,125,1,2,2,2,177.3
"2371",2017,129,1,1,1,1,198.58
"2372",2017,130,1,8,8,5,220.17
"2373",2017,133,1,4,6,2,34.23
"2374",2017,135,1,1,1,1,64.8
"2375",2017,136,1,16,17,10,157.09
"2376",2017,137,1,1,1,1,223.53
"2377",2017,138,1,4,4,4,149.65
"2378",2017,139,1,4,4,2,82.05
"2379",2017,14,1,2,2,2,65.27
"2380",2017,142,1,1,1,1,23.53
"2381",2017,146,1,8,9,4,84.88
"2382",2017,149,1,4,6,1,108.08
"2383",2017,15,1,8,10,2,103.55
"2384",2017,156,1,16,17,8,214.8
"2385",2017,157,1,2,2,1,20.25
"2386",2017,16,1,1,1,1,3.52
"2387",2017,160,1,16,17,11,281.34
"2388",2017,163,1,1,1,1,52.23
"2389",2017,164,1,16,17,9,196.43
"2390",2017,165,1,2,2,1,114.13
"2391",2017,167,1,1,1,1,219.18
"2392",2017,168,1,2,2,2,37.99
"2393",2017,169,1,16,17,10,208.19
"2394",2017,170,1,8,10,3,37.67
"2395",2017,171,1,2,2,1,71.57
"2396",2017,174,1,16,17,12,325.52
"2397",2017,175,1,2,2,2,178.71
"2398",2017,176,1,4,4,3,117.09
"2399",2017,177,1,8,9,5,155.49
"2400",2017,178,1,8,9,6,86.54
"2401",2017,185,1,1,1,1,53.42
"2402",2017,186,1,16,17,9,263.11
"2403",2017,190,1,4,4,3,198.43
"2404",2017,193,1,2,2,2,222.66
"2405",2017,197,1,2,2,1,43.1
"2406",2017,199,1,4,4,2,201.65
"2407",2017,2,1,1,1,1,60.9
"2408",2017,20,1,1,1,1,141.33
"2409",2017,201,1,4,4,3,262.81
"2410",2017,202,1,16,17,12,400.58
"2411",2017,205,1,1,1,1,130.62
"2412",2017,206,1,8,9,5,290.59
"2413",2017,208,1,8,8,7,252.82
"2414",2017,210,1,8,8,6,224.01
"2415",2017,211,1,2,4,1,20.37
"2416",2017,213,1,8,9,5,169.43
"2417",2017,22,1,8,10,3,141.53
"2418",2017,220,1,16,17,9,176.38
"2419",2017,223,1,4,4,3,172.5
"2420",2017,224,1,2,2,2,105.43
"2421",2017,225,1,4,4,2,264.32
"2422",2017,227,1,16,17,9,307.55
"2423",2017,229,1,4,4,4,111.15
"2424",2017,230,1,1,1,1,57.85
"2425",2017,232,1,8,10,4,178.26
"2426",2017,233,1,4,4,3,338.69
"2427",2017,234,1,2,2,1,61.48
"2428",2017,235,1,16,17,10,237.82
"2429",2017,236,1,2,2,2,66
"2430",2017,237,1,1,1,1,2.33
"2431",2017,239,1,16,17,9,300.23
"2432",2017,24,1,4,4,3,90
"2433",2017,242,1,16,17,8,298.71
"2434",2017,253,1,16,17,11,333.36
"2435",2017,257,1,16,17,11,260.4
"2436",2017,259,1,2,2,2,175.47
"2437",2017,26,1,4,4,2,135.14
"2438",2017,265,1,1,1,1,19.7
"2439",2017,266,1,8,9,5,210.92
"2440",2017,267,1,1,1,1,272.57
"2441",2017,268,1,1,1,1,56.87
"2442",2017,27,1,16,17,13,240.9
"2443",2017,273,1,16,17,9,695.56
"2444",2017,278,1,2,2,1,67
"2445",2017,28,1,4,4,2,71.83
"2446",2017,280,1,1,1,1,58.82
"2447",2017,282,1,1,1,1,63.05
"2448",2017,283,1,8,8,6,106.59
"2449",2017,286,1,4,4,4,210.66
"2450",2017,287,1,4,5,2,35.14
"2451",2017,29,1,1,1,1,10.32
"2452",2017,290,1,1,2,1,12.1
"2453",2017,291,1,1,1,1,71.48
"2454",2017,292,1,8,9,5,302.24
"2455",2017,293,1,8,8,6,248.53
"2456",2017,299,1,16,17,11,371.01
"2457",2017,3,1,4,5,3,163.85
"2458",2017,30,1,16,17,10,235.79
"2459",2017,300,1,2,2,2,103.55
"2460",2017,301,1,16,17,11,173.59
"2461",2017,302,1,4,5,3,36.84
"2462",2017,303,1,8,10,4,64.76
"2463",2017,304,1,2,2,1,54.8
"2464",2017,307,1,8,9,5,166.55
"2465",2017,31,1,1,1,1,25.45
"2466",2017,311,1,2,2,2,52.69
"2467",2017,313,1,8,9,6,155.04
"2468",2017,318,1,16,17,9,360.9
"2469",2017,324,1,2,2,1,4.63
"2470",2017,325,1,4,5,3,101.8
"2471",2017,328,1,16,17,12,267.96
"2472",2017,329,1,16,17,12,303.08
"2473",2017,33,1,4,5,2,139.61
"2474",2017,330,1,2,2,2,204.29
"2475",2017,331,1,16,17,9,349.41
"2476",2017,334,1,2,2,1,56.32
"2477",2017,335,1,2,3,1,25.98
"2478",2017,336,1,16,17,10,260.11
"2479",2017,338,1,1,2,1,14.75
"2480",2017,339,1,16,17,11,229.48
"2481",2017,34,1,16,17,12,240
"2482",2017,342,1,2,3,2,113.91
"2483",2017,35,1,16,17,10,211.94
"2484",2017,44,1,4,5,2,53.13
"2485",2017,45,1,4,4,3,161.15
"2486",2017,46,1,16,17,9,411.93
"2487",2017,48,1,2,2,2,63.98
"2488",2017,5,1,1,1,1,51.3
"2489",2017,50,1,8,9,5,136.02
"2490",2017,53,1,4,4,3,120.72
"2491",2017,56,1,2,2,2,159.29
"2492",2017,57,1,8,10,6,176.44
"2493",2017,58,1,4,5,4,83.83
"2494",2017,6,1,2,2,2,72.88
"2495",2017,62,1,4,5,1,9.52
"2496",2017,67,1,8,10,3,169.82
"2497",2017,68,1,16,17,11,222.46
"2498",2017,69,1,1,1,1,16.37
"2499",2017,70,1,4,4,4,181.94
"2500",2017,74,1,8,9,3,86.81
"2501",2017,75,1,2,2,1,75.62
"2502",2017,81,1,8,8,6,261.46
"2503",2017,82,1,16,17,11,233.14
"2504",2017,83,1,1,1,1,11.62
"2505",2017,87,1,1,1,1,46.53
"2506",2017,89,1,16,16,9,339.77
"2507",2017,9,1,16,17,9,206.74
"2508",2017,92,1,1,1,1,84
"2509",2017,93,1,4,4,3,185.51
"2510",2017,94,1,1,1,1,81.02
"2511",2017,98,1,8,8,5,161.82
"2512",2018,104,1,8,8,7,180.08
"2513",2018,107,1,16,17,14,221.34
"2514",2018,108,1,16,17,14,314.68
"2515",2018,109,1,1,1,1,79.22
"2516",2018,11,1,1,1,1,8.33
"2517",2018,110,1,4,4,4,148.49
"2518",2018,111,1,8,10,5,45.29
"2519",2018,115,1,8,9,7,56.07
"2520",2018,117,1,2,2,2,0.61
"2521",2018,118,1,8,9,7,102.07
"2522",2018,12,1,8,10,7,137
"2523",2018,125,1,2,2,2,180.59
"2524",2018,129,1,1,1,1,110.12
"2525",2018,130,1,8,8,7,287.9
"2526",2018,133,1,4,6,3,79.63
"2527",2018,135,1,1,1,1,55.97
"2528",2018,136,1,16,17,14,206.49
"2529",2018,137,1,1,1,1,204.28
"2530",2018,138,1,4,4,4,122.21
"2531",2018,139,1,4,4,4,20.92
"2532",2018,14,1,2,2,2,58.95
"2533",2018,142,1,1,1,1,22.98
"2534",2018,146,1,8,9,6,179.75
"2535",2018,149,1,4,6,2,74.17
"2536",2018,15,1,8,10,5,32.87
"2537",2018,156,1,16,17,14,137.56
"2538",2018,157,1,2,2,2,29.67
"2539",2018,16,1,1,1,1,0
"2540",2018,160,1,16,17,14,266.51
"2541",2018,163,1,1,1,1,49
"2542",2018,164,1,16,17,13,220.66
"2543",2018,165,1,2,2,2,65.14
"2544",2018,167,1,1,1,1,117.7
"2545",2018,168,1,2,2,2,83.43
"2546",2018,169,1,16,17,14,263.05
"2547",2018,170,1,8,10,6,37.83
"2548",2018,171,1,2,2,2,19.32
"2549",2018,174,1,16,17,14,173.4
"2550",2018,175,1,2,2,2,129.86
"2551",2018,176,1,4,4,4,128.73
"2552",2018,177,1,8,9,6,145.94
"2553",2018,178,1,8,9,8,87.25
"2554",2018,185,1,1,1,1,55.97
"2555",2018,186,1,16,17,14,236.33
"2556",2018,190,1,4,4,3,159.24
"2557",2018,193,1,2,2,2,358.01
"2558",2018,197,1,2,2,2,6.75
"2559",2018,199,1,4,4,2,179.77
"2560",2018,2,1,1,1,1,95.5
"2561",2018,20,1,1,1,1,131.5
"2562",2018,201,1,4,4,3,164.5
"2563",2018,202,1,16,17,16,566
"2564",2018,205,1,1,1,1,130.83
"2565",2018,206,1,8,9,8,226.44
"2566",2018,208,1,8,8,8,259.24
"2567",2018,210,1,8,8,8,225.8
"2568",2018,211,1,2,4,1,0
"2569",2018,213,1,8,9,6,129.6
"2570",2018,22,1,8,10,6,114.42
"2571",2018,220,1,16,17,14,222.62
"2572",2018,223,1,4,4,3,75.73
"2573",2018,224,1,2,2,2,106.08
"2574",2018,225,1,4,4,3,222
"2575",2018,227,1,16,17,15,252.56
"2576",2018,229,1,4,4,4,224.47
"2577",2018,230,1,1,1,1,21.2
"2578",2018,232,1,8,10,6,263.44
"2579",2018,233,1,4,4,3,344.32
"2580",2018,234,1,2,2,2,14.88
"2581",2018,235,1,16,17,14,285.91
"2582",2018,236,1,2,2,2,35.38
"2583",2018,237,1,1,1,1,0.1
"2584",2018,239,1,16,17,14,212.56
"2585",2018,24,1,4,4,4,67.5
"2586",2018,242,1,16,17,14,253.7
"2587",2018,253,1,16,17,15,263.33
"2588",2018,257,1,16,17,14,178.68
"2589",2018,259,1,2,2,2,241.67
"2590",2018,26,1,4,4,4,91.5
"2591",2018,265,1,1,1,1,3.8
"2592",2018,266,1,8,9,6,166.5
"2593",2018,267,1,1,1,1,110.58
"2594",2018,268,1,1,1,1,20.35
"2595",2018,27,1,16,17,14,268.09
"2596",2018,273,1,16,17,14,681.74
"2597",2018,278,1,2,2,2,46.17
"2598",2018,28,1,4,4,2,130.5
"2599",2018,280,1,1,1,1,103.45
"2600",2018,282,1,1,1,1,49.08
"2601",2018,283,1,8,8,8,69.22
"2602",2018,286,1,4,4,4,129.05
"2603",2018,287,1,4,5,4,46.62
"2604",2018,29,1,1,1,1,90.33
"2605",2018,290,1,1,2,1,1.58
"2606",2018,291,1,1,1,1,128.45
"2607",2018,292,1,8,9,7,319.53
"2608",2018,293,1,8,8,6,240.12
"2609",2018,299,1,16,17,15,334.72
"2610",2018,3,1,4,5,4,143.1
"2611",2018,30,1,16,17,14,202.71
"2612",2018,300,1,2,2,2,126.07
"2613",2018,301,1,16,17,15,234.7
"2614",2018,302,1,4,5,3,33.29
"2615",2018,303,1,8,10,7,202.71
"2616",2018,304,1,2,2,2,46.55
"2617",2018,307,1,8,9,6,115.29
"2618",2018,308,1,1,1,1,0
"2619",2018,31,1,1,1,1,51.38
"2620",2018,311,1,2,2,2,10.8
"2621",2018,313,1,8,9,6,216.51
"2622",2018,318,1,16,17,14,351.83
"2623",2018,324,1,2,2,2,3.59
"2624",2018,325,1,4,5,4,119.1
"2625",2018,328,1,16,17,15,236.36
"2626",2018,329,1,16,17,14,242.28
"2627",2018,33,1,4,5,3,131.33
"2628",2018,330,1,2,2,2,91.33
"2629",2018,331,1,16,17,14,245.82
"2630",2018,334,1,2,2,2,69.28
"2631",2018,335,1,2,3,1,14.82
"2632",2018,336,1,16,17,13,318.36
"2633",2018,338,1,1,2,1,10.93
"2634",2018,339,1,16,17,14,257.46
"2635",2018,34,1,16,17,14,164.16
"2636",2018,342,1,2,3,2,79.15
"2637",2018,35,1,16,17,14,230.93
"2638",2018,44,1,4,5,3,115.05
"2639",2018,45,1,4,4,3,160.35
"2640",2018,46,1,16,17,14,288.45
"2641",2018,48,1,2,2,2,96.18
"2642",2018,5,1,1,1,1,54.23
"2643",2018,50,1,8,9,6,69
"2644",2018,53,1,4,4,3,64.92
"2645",2018,56,1,2,2,2,101.33
"2646",2018,57,1,8,10,7,154.24
"2647",2018,58,1,4,5,4,43.88
"2648",2018,6,1,2,2,2,33.5
"2649",2018,62,1,4,5,2,30.92
"2650",2018,67,1,8,10,5,110.38
"2651",2018,68,1,16,17,14,216.21
"2652",2018,69,1,1,1,1,14.5
"2653",2018,70,1,4,4,4,329.03
"2654",2018,74,1,8,9,6,73.12
"2655",2018,75,1,2,2,2,40.9
"2656",2018,81,1,8,8,8,152.42
"2657",2018,82,1,16,17,14,217.79
"2658",2018,83,1,1,1,1,7
"2659",2018,87,1,1,1,1,55.48
"2660",2018,89,1,16,16,14,207.77
"2661",2018,9,1,16,17,15,151.76
"2662",2018,92,1,1,1,1,91.2
"2663",2018,93,1,4,4,4,119.67
"2664",2018,94,1,1,1,1,88.02
"2665",2018,98,1,8,8,7,202.74
"2666",2019,104,1,8,8,6,170.33
"2667",2019,107,1,16,17,10,173.25
"2668",2019,108,1,16,17,11,201.79
"2669",2019,109,1,1,1,1,85.15
"2670",2019,11,1,1,1,1,10.45
"2671",2019,110,1,4,4,3,72.65
"2672",2019,111,1,8,10,3,50.23
"2673",2019,115,1,8,9,3,53.13
"2674",2019,117,1,2,2,2,37.43
"2675",2019,118,1,8,9,4,49.42
"2676",2019,12,1,8,10,7,100.65
"2677",2019,125,1,2,2,2,128.91
"2678",2019,129,1,1,1,1,82.3
"2679",2019,130,1,8,8,5,144.05
"2680",2019,133,1,4,6,2,80.45
"2681",2019,135,1,1,1,1,99.3
"2682",2019,136,1,16,17,9,135.83
"2683",2019,137,1,1,1,1,164.15
"2684",2019,138,1,4,4,3,125.51
"2685",2019,139,1,4,4,2,25.17
"2686",2019,14,1,2,2,2,115.17
"2687",2019,142,1,1,1,1,50.05
"2688",2019,146,1,8,9,4,80.07
"2689",2019,149,1,4,6,1,79.07
"2690",2019,15,1,8,10,2,37.56
"2691",2019,156,1,16,17,8,132.98
"2692",2019,157,1,2,2,1,35.28
"2693",2019,16,1,1,1,1,12.67
"2694",2019,160,1,16,17,11,211.44
"2695",2019,163,1,1,1,1,43.97
"2696",2019,164,1,16,17,8,154.58
"2697",2019,165,1,2,2,2,78.9
"2698",2019,167,1,1,1,1,123.83
"2699",2019,168,1,2,2,2,63.87
"2700",2019,169,1,16,17,8,212.63
"2701",2019,170,1,8,10,5,88.15
"2702",2019,171,1,2,2,1,24.05
"2703",2019,174,1,16,17,7,139.38
"2704",2019,175,1,2,2,2,96.63
"2705",2019,176,1,4,4,3,153.24
"2706",2019,177,1,8,9,6,123.5
"2707",2019,178,1,8,9,5,84.7
"2708",2019,185,1,1,1,1,81.03
"2709",2019,186,1,16,17,9,187.66
"2710",2019,190,1,4,4,3,274.87
"2711",2019,193,1,2,2,2,131.8
"2712",2019,197,1,2,2,1,18.93
"2713",2019,199,1,4,4,2,146.9
"2714",2019,2,1,1,1,1,63.2
"2715",2019,20,1,1,1,1,165.18
"2716",2019,201,1,4,4,3,178.05
"2717",2019,202,1,16,17,13,539.22
"2718",2019,205,1,1,1,1,81.48
"2719",2019,206,1,8,9,6,157.22
"2720",2019,208,1,8,8,5,196.72
"2721",2019,210,1,8,8,7,201.05
"2722",2019,213,1,8,9,6,91.34
"2723",2019,22,1,8,10,2,114.85
"2724",2019,220,1,16,17,9,129.78
"2725",2019,223,1,4,4,3,210.29
"2726",2019,224,1,2,2,2,60.85
"2727",2019,225,1,4,4,2,84.69
"2728",2019,227,1,16,17,11,238.98
"2729",2019,229,1,4,4,4,94.71
"2730",2019,230,1,1,1,1,28.5
"2731",2019,232,1,8,10,6,115.48
"2732",2019,233,1,4,4,3,333.34
"2733",2019,234,1,2,2,1,23.23
"2734",2019,235,1,16,17,13,230.23
"2735",2019,236,1,2,2,2,63.51
"2736",2019,237,1,1,1,1,0.13
"2737",2019,239,1,16,17,10,183.57
"2738",2019,24,1,4,4,3,45.43
"2739",2019,242,1,16,17,11,197.36
"2740",2019,253,1,16,17,9,131.05
"2741",2019,257,1,16,17,11,91.71
"2742",2019,259,1,2,2,2,264.18
"2743",2019,26,1,4,4,2,106.51
"2744",2019,265,1,1,1,1,15.97
"2745",2019,266,1,8,9,4,109.25
"2746",2019,267,1,1,1,1,176
"2747",2019,268,1,1,1,1,28.5
"2748",2019,27,1,16,17,11,102.04
"2749",2019,273,1,16,17,11,608.75
"2750",2019,278,1,2,2,1,32.38
"2751",2019,28,1,4,4,2,76.74
"2752",2019,280,1,1,1,1,49.63
"2753",2019,282,1,1,1,1,55.78
"2754",2019,283,1,8,8,6,86.65
"2755",2019,286,1,4,4,4,136.04
"2756",2019,287,1,4,5,3,67.04
"2757",2019,29,1,1,1,1,46.3
"2758",2019,290,1,1,2,1,3.38
"2759",2019,291,1,1,1,1,102.55
"2760",2019,292,1,8,9,6,152.46
"2761",2019,293,1,8,8,5,219.71
"2762",2019,299,1,16,17,9,334.45
"2763",2019,3,1,4,5,4,69.19
"2764",2019,30,1,16,17,9,152.44
"2765",2019,300,1,2,2,2,87.7
"2766",2019,301,1,16,17,11,114.51
"2767",2019,302,1,4,5,2,76.02
"2768",2019,303,1,8,10,4,17.58
"2769",2019,304,1,2,2,1,17.4
"2770",2019,307,1,8,9,5,146.93
"2771",2019,308,1,1,1,1,0.43
"2772",2019,31,1,1,1,1,48.73
"2773",2019,311,1,2,2,2,16.83
"2774",2019,313,1,8,9,6,219.4
"2775",2019,318,1,16,17,10,194.23
"2776",2019,324,1,2,2,2,12.09
"2777",2019,325,1,4,5,3,55.67
"2778",2019,328,1,16,17,10,206.68
"2779",2019,329,1,16,17,10,185.87
"2780",2019,33,1,4,5,2,131.92
"2781",2019,330,1,2,2,2,113.95
"2782",2019,331,1,16,17,9,205.25
"2783",2019,334,1,2,2,1,65.47
"2784",2019,335,1,2,3,1,24.73
"2785",2019,336,1,16,17,9,190.69
"2786",2019,338,1,1,2,1,23.82
"2787",2019,339,1,16,17,12,265.19
"2788",2019,34,1,16,17,10,172.98
"2789",2019,342,1,2,3,2,38.75
"2790",2019,35,1,16,17,10,183.33
"2791",2019,44,1,4,5,3,65.65
"2792",2019,45,1,4,4,3,101.6
"2793",2019,46,1,16,17,11,306.45
"2794",2019,48,1,2,2,2,74.8
"2795",2019,5,1,1,1,1,38.53
"2796",2019,50,1,8,9,5,81.05
"2797",2019,53,1,4,4,3,77.5
"2798",2019,56,1,2,2,2,114.07
"2799",2019,57,1,8,10,7,119.48
"2800",2019,58,1,4,5,2,36.5
"2801",2019,6,1,2,2,2,70.31
"2802",2019,62,1,4,5,1,6.43
"2803",2019,67,1,8,10,3,82.71
"2804",2019,68,1,16,17,11,194.36
"2805",2019,69,1,1,1,1,5.77
"2806",2019,70,1,4,4,3,133.17
"2807",2019,74,1,8,9,2,63.66
"2808",2019,75,1,2,2,2,35.61
"2809",2019,81,1,8,8,6,123.35
"2810",2019,82,1,16,17,10,207.46
"2811",2019,83,1,1,1,1,25.57
"2812",2019,87,1,1,1,1,38.67
"2813",2019,89,1,16,16,11,156.53
"2814",2019,9,1,16,17,9,124.32
"2815",2019,92,1,1,1,1,67.43
"2816",2019,93,1,4,4,2,48.91
"2817",2019,94,1,1,1,1,68.62
"2818",2019,98,1,8,8,4,177.29
